text,actual
kasus duga pungli polmed anggota dprd sumut ditindaklanjuti,pos
min link lihat lanjut kasus tangan saber pungli khusus wilayah sumut,pos
tangkap koruptor  terlalu pungli korupsi sumut jenuh lihat laku jabat sana calon pilkada kapan maju sumut,neg
pungli selubung dunia didik utama oknum kait kepsek tempat dinas bekerjasama alas tidak setor mohon tindak lanjut usut tuntas kpk ri sumut,neg
waduh bagai daerah sumut gak pernah liat coba voting suara masyarakat liat anggota fpi pungli vs anggota tugas negara ngaku ayom msyrakat hasil tau,pos
mas pungli laku polisi putar ranto prapat sumut,neg
beda maling sama kamu sama sama suka curi beda kamu curi hati si,pos
preman kampung aur malak tahun lebih jalan gadai resto pst kota medan tutup total pakai seragam ipk pp fkppi spsi nya bentuk polda sumut,neg
gubernur sumut sama rombong dprd nya bagaimana tuh kalau preman maling wajar lha ngaku parte allah kok curi masuk surga kah,neg
tim saber pungli usut pungut parkir ilegal taman bunga siantar,neg
patut duga praktek korupsi pungli jual beli jabat makin masif sistematis kabupate tapanuli selatan sumut,neg
pungli sekolah eks kadis didik tapanuli utara hukum tahun bulan penjara,pos
tangkap tangan laku pungli terhdp jumlah kepsek mantan kad didik tapanuli utara jamel panjaitan tuntut bln penjara,pos
dokter tangkap kait pungli calon dokter bidan tapanuli selatan polisi sita uang rp juta hasil pungli sindosore,pos
moga kasus kasus perihal sangkut mantan jabat kab tapanuli tengah cepat laku periksa pak,neg
mbah soleh tiga jabat pemkab tapanuli utara seret adil kait korupsi alat sehat akibat buat tiga laku,neg
makin kesini makin nampak ambisius jabat partai bukan jabat rakyat,neg
jabat kok tidak tunduk hukum negara wenang nya aja kuasa,neg
lihat beri bantu kapolda sumut minta pihak menegement periksa kapolda sumatera utara irjen pol drs paulus waterpaw sama ketua bhayangkari daerah sumut jabat utama polda sumut unjung korban celaka bus pariwisatawa,pos
jelas warga medan haram hukum dukung parpol busuk kedok agama sang cetak jabat korup sumut,neg
teman teman sekolah keluarga nunggu e ktp satu dua tahun tidak padahal daftar kartu keluarga pak jarod siapa memang beda warga sumut jabat,neg
bukan warga sumut bagai rakyat jelata ktpnya tidak rasa sakit hina jabat negara,neg
tak pantas jabat publik ucap tengah masyarakat sumut keteter buat e ktp,neg
gembar gembor soal revolusi mental hasil mentang anggap penting jabat segala bau layan utama bak raja istimewa nmersatukan kasihan rakyat sumut,neg
masyarakat padanglawas sumut resah jalan provinsi palas mohon bapak tri tindak lanjut makasih atas perhati,neg
sumut ni mimpin resah mulu warga gara palak in,neg
kampung ganti tiba ketua dpc jelang pilkada bukan kader gerindra mantan manajer bank calon walikota pemko padangsidimpuan sumut kader resah ketua jatuh sakit kok mahar tidak mungin lah nehi,neg
masyarakat resah tidak nyaman atas tindak kumpul driver lokasi dkt kampus usu medan sumut jalan berdikari no lurah titi rantai,neg
temu warga martubung buat sadar baik sumut warga resah kondisi pasar jalan makin parah sedih tidak adu siapa,neg
bengkel status tak jelas tahun oknum polisi inisial ys anggota intel polsek cut mmbuat polusi asap bakar cat bau las danlain-lain wrga sngat resah oknum trsbut rasa kebal hukum mohon tegak adil pak kapolda sumut,neg
yomin benar berita berkas sumut masalah yomin blg kmren sumut aman gruop wa kok info masalah min bantu min buat resah,neg
minta uang muka garap proyek kontraktor sumut resah,neg
bagus mati aja sudah resah begal sumut biar mati ,neg
masyarakat resah laku mutilasi liar,neg
aksi teror mapolda sumut anggap buat gaduh resah umat islam,neg
kasus mutilasi tapanuli selatan belum ungkap,neg
akhir buron laku tiga kasus mutilasi bengkal tangkap sumut,pos
laku mutilasi rupat utara tangkap polisi sumut,pos
kubur semen sopir angkot mutilasi jasad sopyan lubis,neg
bunuh area pt thip bukan hp nyata,pos
info himbauan mobil cc kecil tidak lewat tol fungsional salatiga arah solo karna sulit medan tanjak derajat tetap utama selamat,pos
bawa sabu ibu rumah tangga aman sat narkoba tanjungbalai,pos
omong walikota medan bengkalai bangun jalan kota medan bangun  asal  tidak atur bilang selesai akhir tahun walikota medan bohong rakyat walikota nya duit,neg
rasa baca lapor investigasi kasus bunuh ngantuk ngantuk ini baca worthed sangat,pos
aparat medan gemetar pada takut pakai baju rompi orange,neg
akhir salah satu borok kota medan bagai warga medan tidak malu juluk medan kota juta lobang pimpin aja tidak punya malu,neg
rusak kota medan dari dulu masalah jalan dr tahun berapa aja malah makin parah perlu keras pak perlu langsung copot,neg
dosa malu iri  bosan liat rival juara masuk bui ingat jangan ikut kata pak polisi tiru,neg
bentuk dukung jaksa hakim hukum dua laku adil adil,pos
hari sejarah jam densus serentak tangkap teroris daerah,pos
sama begal keluarga kena pikir tidak bakal ngomong jangan main hakim sendiri makan begal bakar aja,neg
tembak mati aja begal sadis tidak prikemanusia mati tangkap masarakat penjara keluar buat bawa kawan  buat,neg
begal baca kalian anak haram bangsat berani tangan kosong sini datang air putih,neg
simbah darah bekas cekik mayat duga korban bunuh medan medan,neg
kalau begal tangkap warga bicara jangan main hakim sendiri begal tangkap warga main hakim sendiri lintas sumatera,neg
 satu bunuh laku jam pagi taman main mangsa ajar umur tahun percaya bunuh,neg
pasca ungkap komplot laku bunuh usaha airsoft gun jalan ahmad yani  medan jumlah warga takut aman wilayah pusat toko lengkap olahraga,neg
selaku karyawan hutama karya divisi usaha jalan tol jorr seksi s tol atp akses tanjung priok tol sumatera bangga punya presiden pak jokowi moga panjang umur sehat beraktifitas beliau pantau evaluasi aja kurang indonesia,pos
tingkat aman jelang lebaran polisi beri himbauan satpam bank sumut capem pijorkoling,pos
aneh sang sewa jasa bunuh bayar tidak hukum layak bunuh rencana miris,neg
jangan ganggu aman idul fitri,neg
orangtua korban bunuh model,neg
temu rangkai bom rencana nya ledak mall kawasan medan kerja keras polri sumut kondusif aman sus nya kota medan,pos
urus agama wewenang perintah pusat sama urus tertib aman tunggu sensitif jangan sampe provokasi asing masuk cukup kasus sumut aceh ,neg
jaksa tuntut dakwa bunuh tujuh tahun penjara hukum dan kriminal,neg
layan aman perintah wilayah sumut i ,pos
kalo pulang cari bang sama sebut memang belum terima,neg
polres  gelar rekonstruksi bunuh orangutan,pos
gagal singkap misteri bunuh detektif tampar wanita singkap rok mini,neg
mati bunuh begal marindal,neg
marak jahat jalan lapk nilai aman sumut ancam,neg
hari sejarah bunuh malcolm x,pos
ketimbang baca berita gila serang ulama mending baca berita baco bunuh medan lebih greget ,neg
bulan sidang kasus bunuh mahasiswa dokter tunda alas bambang duga laku bunuh sebut lari,neg
sidang bunuh laku coba bunuh terhadap saudara budi ,neg
pbb bagai partai identik dg masyumi bela tidak lupa sejarah adil partai lolos ,pos
 bunuh ahli keluarga memang kejam tak sanggup,neg
malam ramai gebyar kab serdang bedagai sumut jaga tertib jaga aman salam parawali,pos
versi dua ialah pasal  journalist siasat bunuh perempuan,neg
gubernur sumut mana sembunyi sulit sekali masalah medan pln pdam aman  padahal muka aja spanduk sosialisasi,neg
nelayan sumut tangkap aparat aman laut malaysia,neg
sidang dua kasus bunuh guru budi warna demo koran madura,neg
polisi periksa suami duga laku bunuh anak,pos
bingung bilang apa rizieqshihab kejam  ,neg
gubernur sumut instruksi tingkat aman lokasi ungsi medan ,pos
uu hak warga negara minta adil suami tinggal tanpa tahu,pos
bunuh upah main peran makin marak kisaran,neg
emang benar allah maha maaf sulit maaf mantan baby sister dua orang tua telah bunuh,neg
krisis aman krisis pimpin ancam sumut empat sangka bentrok antar kelompok tani sumut,neg
polsek medan barat akhir tangkap bunuh rika mayat gadis cantik kardus,pos
ujar benci ramai medsos jelang pilgub sumut cyber crime polda sumut lapor siap tampung,pos
laku bunuh istri siri dua putri pakam deli selesai jalan awat hasil jiwa,pos
polres samosir terima arah bimbing tim pamatwil poldasu rangka ops mantap praja toba aula wira satya polres samosir,pos
tuding radikal kait teroris pks sumut lapor poldasu pks sumatera utara,pos
selamat bahaya celaka ancam bunuh bentuk jahat tiba menghadang,pos
duga sebar berita bohong akun dewi budiati teruna adu poldasu,pos
poldasu tindak tegas arena judi tameng rumah ibadah,pos
oknum polair tembak kapal nelayan poldasu desak bentuk tim,neg
polres sidimpuan aman satu keluarga edar narkoba,neg
polres simalungun terima kunjung tim bangun zona integritas tuju wbk wbbm,pos
niat biaya lebaran ayah dua anak culik balita anting emas nyata imitasi,neg
samar bagai beli polisi aman edar sabu sabu,pos
 sumut begal motor tewas hajar massa,pos
wanita dagang sayur korban begal motor,neg
sidang kasus bunuh guru budi hakim terang saksi bap koran medan,pos
malas pikir pura pura tidak cerdas simpul aniaya leceh hina jalan uang,neg
sidang kasus bunuh guru budi hakim terang saksi bap koran medan,pos
sosok satu koordinat panik segala cara laku hendak sadar,neg
takut yah bangun  keluarga cendana tetap kenal bapak bangun ,pos
sosok satu koordinat panik segala cara laku hendak sadar diri car,neg
sidang dua kasus bunuh guru budi warna demo,neg
sidang kasus bunuh guru budi hakim terang saksi bap,neg
dosa malu iri amp bosan liat rival juara masuk bui ingat jangan ikutin kata pak pul tiru,neg
polres simalungun dorong sopir jalan begal taksi online tangkap siantar,pos
akhir kata sedikit tips aman kendara naek motor aman begal pake helm pake sarung tangan pake jaket kulit jaket kulit buat tubuh lebih aman sabet sajam pake lindung dada motor tinggal rumah pergi naek angkot bus umum,pos
mind control laku intelijen laku aksi aksi teror bunuh part,pos
yth inspektorat kota medan pasar brayan pungut liar pungli khusus preman mohon tinjau ulang mohon ditindaklanjuti terima kasih,neg
pak bupati tolong cor jalan akses masuk kekomplek jalan mahligai komplek haji muhammad kamu medan raya,neg
kurang lebih tahun jalan jalan golf gang pelita lv belum baik padahal daerah jalan golf baik,neg
gila dunia kriminalitas lepas  laku dari jerat hukum gila tak akal ,neg
kabar tadi kelompok geng motor kata ampals patumbak mmbawa senjata tajam benar,neg
sadis sumpah bunuh kota medan cara biadab packing benar tidak punya otak mohon share kata amin moga keluarga kerabat tau laku cepat tangkap,neg
medan banyak bunuh takut sama keselamatan keluarga asal buka fb bunuh z lihat tuhan lindung keluarga kami jahat amin,neg
bandar sabu nama fitra simangunsong alamat jalan aman lurah sejahtera camat tanjung balai utara kota tanjung balai jalan bisnis haram bandar narkoba licin belum sentuh hukum,neg
bisakah berantas main judi malam ini  belakang rumah hampir tiap malam tak kenal pagi siang dn malam suara nya membuat ribut alamat  jermal medan denai depan,neg
adu masyarakat kurang tanggap kapolsek pak kapolda bagai masyrakat lengkap berkas saksi atas aniaya bulan bulan tidak putus tidak jelas kapolsek,neg
pak nanya polisi atas nama hamdani lubis ngaku polisi d sumatera utara rusak nama baik polisi sumatera karna sudah banyak sekli korban tipu pak minta uang nomor pakai mohon bantu pak,neg
mohon pak kapolda turun tim periksa polres siantar laku keras unras tanggal mei pusat pasar horas benar pukul rakyat mahasiswa,neg
gimana tidak bunuh tengkar ribut tidak atas kapan situasi panas masalah tak selesai,neg
pak kapolda tolong pungli brayan berantas resah supir sunggal pak terimakasi pak,neg
pak polisi tolong tembung pasar judi togel judi biliar maling kasus ganja aktif sore malam pak makasih,neg
jalan pasar timur marelan gang kembar arena judi edar narkoba buat resah,neg
bantu masyarakat sumut tolong tingkat  informasi hukum dan cara urus surat,pos
daerah polonia jalan starban jalan ternak marak tempat pakai edar narkoba jenis sabu sabu padahal bulan grebek sama bnn belum jerah,neg
polda sumut mampu beri lindung ayom layan baik masyarakat bravo polri bravo poldasumut,pos
kasus diskriminalisasi wilayah sumut masyarakat nyaman tindak lanjut proses koridor hukum laku,neg
salut lihat polisi medan kerja puas,pos
berantas pungli tiap desa  tolong pak polisi,pos
hukum mati pantas nyawa tukar nyawa cocok lah,neg
fitnah lebih kejam bunuh kaget,neg
berantas usaha tak kantong izin usaha deking deli,pos
mohon patroli jalan raya utama malam hari gelar rutin razia senjata tajam medan rawan begal pak aman nyaman kota medan,neg
moga sumatra utara makin bersih oknum kuasa,neg
sumatera utara ubah kejar tinggal daerah,pos
tidak berani keluar malam begal lorong komplek siang siang begal teman satu kampus kena begal,neg
medan gawat darurat begal mana mana,neg
begal gawat medan  hati buat kawan sekalian jangan sering keluar malam ,neg
gawat begal rajalela jalan siantar medan daerah kebun karet sinaksak barusan korban lempar,neg
massal timbul bunuh takut nama teror tito densus mana,neg
teroris tangkap medan kepada warga sumut bahu bahu jaga aman damai sumut,pos
kawan medan hati hadap tamu modus pihak aman desa,neg
tim aman gereja bnkp teladan medan antisipasi ganggu bahaya aman gereja,pos
berita hari budaya lokal ajar si gorok driver go jek tuntut,neg
bodoh kata bunuh manusia laku tidak mustahil,neg
status aman provinsi sumatera utara sumut angsur angsur kondusif pascateror bom gempar kota surabaya riau,pos
banding sikap aparat aman kasus marak teror hadap kyai,neg
kasus bunuh guru budi jaksa hadir saksi,pos
ajar si gorok driver go jek tuntut tahun kelurga histeris semarang,pos
buat warga sumut medan khusus tetap waspada peduli marak aksi rampok begal,pos
level bunuh aktiwis hilang nyawa rancang kudeta ,neg
kapolda sumut perintah tembak begal motor apresiasi langkah kapolda sumut mudah sumut aman,pos
perkosa bunuh laku keluarga dekat teman korban,neg
begal hadap driver online jalan ah nasution medan laku karyawan alfamart sudah tangkap laku aman polsek deli tua medan,pos
polisi resort lahat  pagaralam benar palsu  rencana laku rampok culik bunuh,neg
kota medan tambah bahaya mana pak polisi nya,neg
begal medan diam punya resto ,neg
begal tembak mati tim anti begal aksi jahat jalan tetap,neg
salah satu laku begal tembak mati polisi  nagis rs bhayangkara medan,neg
hati medan belum culik anak kasus spti lindung diri keluarga waspada,neg
medan punya cerita culik anak kotak amal mesjid rampok kota medan,neg
sadis sekali  culik anak medan,neg
kasus culik anak medan harap tua hati lihat curiga lingkung,neg
semakin ngeri dunia medan mana rampok bunuh culik hati hati aja kadang laku dekat,neg
jaman sekarang dah gila bangat culik masuk keponakan cwe culik astaga tuhan moga ros cepet pulang kasihan keluarga medan sana amin,neg
hati hati copet bus  perjalanan malam hari alam pribadi  perjalanan medan,neg
copet sasar amuk warga tangkap aksi alami copet cantik pasrah telanjang warga copet uang,neg
fitnah lebih kejam bunuh ,neg
kota medan rampok copet,neg
majikan adelina tuntut pasal bunuh,neg
sidang bunuh guru sampang hadir saksi dakwa mh laku berita,neg
nkri merdeka amp milik empat pilar bangsa tidak rubah nampak kaum jajah politik dg,pos
tiap ancam bunuh ulama rusa masdjid justice gila benar bikin berita,neg
diskusi buku screening film laut cerita ketidaktahuan ketidakpastian kadang kadang jauh lebih bunuh,neg
kacau medan,neg
kabar indonesia minggu minggu rawan bunuh medan,neg
alumni smk al fattah tamat korban begal,neg
fitnah lebih kejam bunuh,neg
dua laku bunuh driver taksi online tuntut tahun penjara,pos
min gerbong kereta eksekutif tuju medan rantau parapat mohon perhati interior kusam bangku duduk rusak nyamuk,neg
laku bunuh driver taksi online tuntut tahun penjara,pos
tidak panas  derajat mah medan alat rusak yaa,pos
lae logika aja pak jokowi bakal tidak nama rusak kalo beri kamu posisi tidak usah capek jilat indonesia tau banget kalo kau simulut lae cocok badut kau kayak peran kau poltak si raja minyak medan,neg
hp rusak pening uda medan indoneisa,neg
kpu medan temu lembar kertas suara rusak coblos,neg
celaka fatal jalan pasar bengkel tepat firdaus belum jelas celaka lihat korban kendara sepeda motor pecah kepala tinggal dunia tempat sepeda motor rusak parah,neg
framing bunuh teror cepat bangkit emosi warga medan jalan framing bel,neg
medan marelan hantu buruk sistem drainase jalan rusak,neg
jumlah surat suara kurang rusak laku kpud dairi,neg
kalo lebaran tetangga non muslim tamu rumah pas natal gilir lah rumah jangan kalian rusak medan isu sara tidak laku,neg
ngomong kurang jalan jalan sama pulang bal hari bukan soal panorama soal infrastruktur usaha rental motor medan bule bule komplen soal jalan rusak bukit lawang tangkah always all the time,neg
paripurna hasil reses dapil i dprd medan sorot minim lahan kubur jalan rusak lewat online,neg
daerah medan dr mansyur mati lampu loh mas apasih tidak alat elektronik rusak padam nyala padam nyala gini,neg
mafia mantan narapidana kasus bunuh rencana rasa bersih  puji,neg
soal jalan rusak ketua dprd wawako medan saling serang lewat online,neg
medan memang sedap soal harmoni soal jalan rusak parah,neg
acara pawai kampanye damai kpu tadi mas djarot keliling kota medan sama dua sempat keliling naik sepeda motor lebih jelas jalan mana berlobang rusak djoss ,pos
kronologi pada hari sabtu tumpang lion air jt medan kno tuju soekarno hatta jkt berangkat pada delay nyata tumpang keluh barang bagasi hilang koper rusak,neg
medan dulu rusak parah mulus terimakasih pak boss,pos
 pilih hati nurani cegah bunuh capai menang dunia bukan,pos
jangan rusak percaya rakyat tumbuh terhadap polri,neg
cuma satu pesan medan khusus mu lae jangan jilat bukti memang benar batak lae,neg
bunuh jaga rental ps kebun tebu gelar hari ,neg
fitnah lebih kejam bunuh ,neg
wali kota medan tegur jokowi baik jalan rusak kerja siang malam,pos
kelinci kelinci sumut korban bunuh massal,neg
lihat adil hukum bukan tindas bantai keras leceh peperangan pemakai,pos
tegur jokowi wali kota medan desak anak buah baik jalan rusak minggu,pos
quo vadis indonesia lawan zalim kriminalisasi ketidakadilan diskriminasi tindas aniaya,pos
laku bunuh sadis gara gara hp kenal bagai anak baik,pos
kunjung medan presiden jokowi kritik walikota medan benah jalan rusak,pos
temu jalan rusak jokowi tegur walkot medan,pos
mati  walkot medan tunjang hidung pres jokowi kondisi jalan rusak parah,neg
jokowi walkot medan benah jalan dahulu kerja,pos
maksud kayak kasus bunuh bakal singgung  ranah forensik dokter kasus,pos
eh benar  hampir memang laki kan laku bunuh massal senjata api,neg
kelinci kelinci sumut korban bunuh massal,neg
 pak perlu bahwa medan punya sakit jalan rusak tak pernah akhir puluh tahun kronis pak,neg
beton jalan rusak blok pondok surya lurah helvetia timur camat medan helvetia jalan aksara,neg
indonesia belum dingin isu bunuh ustadz gila isu aniaya santri edar,neg
benar bunuh karakter bibit unggul pimpin sumut,neg
asyik mati mati aja listrik kampung bah malas  tidak main mobile lejend ,neg
jaring rusak bro medan malah tvone medan,neg
halak batak kok begini batak medan masalah teloransi tamat jangan ahox rusak wadoooh,neg
capek nengok jalan kota medan macet jalan rusak truk salip salip,neg
kota medan gubernur dr pks ampun an deh jalan rusak trotoar dipake dagang parkir liar sampah kota kgk pemimpinny,neg
laku bunuh sadis gara gara hp langir inhil kenal bagai anak baik,pos
sidang kasus bunuh guru budi hakim terang saksi bap,pos
wahai wakil rakyat bapak tajam hukum kriminal betpa tidak takut sma,neg
jumlah rumah deli serdang medan rusak akibat gempa,neg
imperialis amp adidaya tidak berat rusa negara negara amp bunuh manusia capai penting,neg
gempa deli serdang pusat belanja medan rusak,neg
medan gempa asa banget sr pusat gempa kabupaten deli serdang info landas udara kualanamu rusak,neg
rusak ventilasi tahan polsek cut sei tuan medan kabur,neg
kok sibuk urusin agama akhlak jabat akhlak rakyat rusak lihat kota medan jabat polisi warga akhlak parah,neg
fpi anton medan mantan preman gagal paham justru bela pancasila rusak bos nya,neg
hukum mati bunuh legalisasi negara padahal tanpa bunuh manusia,neg
oknum tni rusak kotak amal bentrok medan rekam cctv,neg
bunuh express orient kah,neg
puluh anggota tni au rusak rumah warga medan,neg
kondisi jalan krakatau medan sumut rusak parah imbas gali gorong gorong,neg
kamu bunuh kuat jomblo emang,neg
"tujuh rumah medan maimun rusak timpa pohon parah bossque, 5 orang mati",neg
tragedi darah mula perang hampir warga awam kepung bekal makan ubat,neg
celaka bunuh rampok sekitarkita takut,neg
sangka bunuh satu keluarga tahan medan,neg
mohon bantu pak presiden cepat pulang anak tahan arab saudi tahun beli,pos
pak pak memang rasa binjai medan moral rusak perlu tangan,neg
rusak parah jalan rambung merah penuh lubang becek,neg
hilang jati diri laku bunuh tak pikul takdir tim kogoro mouri,neg
puluh rumah rusak terjang ombak tinggi sibolga sumut bmkg duga laku katara negara air scripkidding,neg
rekonstruksi bunuh sadis utan laku tembak gilir,neg
malas pikir pura pura tidak cerdas simpul aniaya leceh hina pem,neg
ledak petas rumah rusak berat luka,neg
sama satu penting jangan sekali kau rusak agama sumut paten sumut soal kebhinekaan zaman opungku perawan,pos
anggota dprd sumut siti aminah sesal rusa jalan tuju objek wisata air panas desa doulu camat berastagi desa semangat gunung,pos
belum aja buat ktp serobot gitu sumut pilih rusak main belakang rugi negara rakyat,neg
yok ramai ramai serang perintah pake isu aja penting kes langgar konstitusi bunuh,neg
 penuh kisah proyek isu korupsi proyek lambat buat rendah mutu kartu cepat rusak ektp tidak chip elektronik berita ektp cecer dr truk belakang isu cepetnya cagub sumut pny ektp,neg
please warga sumut jangan ikut an bawa pilkada dki pilkada buruk no kalian cerdas lihat jangan pilih calon jual ayat pilih bagus kerja alam dn bersih cukup jakarta rusak jangan bawa sumut,pos
moga sumut baik menang berantas korupsi tidak masuk bui madrid juara champion untun sumut jangan untun masuk bui rusak,pos
rekonstruksi bunuh sadis orang utan laku tembak gilir,neg
mohon bantu pak presiden cepat pulang anak tahan arab saudi tahun beliau sana,pos
rusak sumut bikin,neg
 anak kalian lihat tragedi bunuh besar,neg
tangkap milik akun lempar bui narapidana kasus,pos
moga laknat allah laku dukung libat atas bunuh ,pos
kontroversi dalang bunuh serbu simpang empat lintas sumatera,neg
aparatur perintah tobasa bangun jalan jangan jalan raya aja,neg
komplot begal taksi online aksi medan sunggal ,neg
kapolri perintah tembak mati laku begal mudik tebing tinggi,neg
aduh pak polisi wes ngerti begal kok bebas ojo dumeh isek bawah umur bebas,neg
suka video polwan tangkap komplot begal arus mudik gta polisi indonesia,pos
harua hakim bareng ketimbang hakimin sendiri fakta lapang curi rampok b,pos
kapolri tembak mati laku begal mudik tebing tinggi,pos
lumayan bagus kerja perintah medan titik banjir atas aman hati wkwkwkwk sumutjaya,pos
kirain gk bakal baper nang danlain-lain tau banjir aja kzl,pos
tatang baik mas tatang apabila nomor lapor bukti laku tipu spam tindak,pos
ede siang mas maaf atas keluh telepon tidak kenal alami sila laku blok,pos
tolong blokir nomernya tipu percuma wajib daftar pakai nik ktp tipu,neg
terasa makin cepat bunuh mana mana,neg
usaha cari informasi bunuh laku ,pos
polisi tangkap laku bunuh tamu apartemen motif kuak,pos
polisi minta laku bunuh tamu apartemen buron serah diri,pos
aman mudik polisi ancam tindak jahat ,pos
aman mudik polisi ancam tindak jahat,pos
polisi periksa intensif tiga warga blitar duga teroris,pos
dukung hak bagai warga lapor polisi atas fitnah cemar nama baik,pos
toko milik teman kemarin korban tipu sila baca lampir ikut kelak tak korban ,pos
polisi bubar tawur dua kelompok,pos
polisi akan tuntut gugat salah tangkap,pos
polisi belum mampu lacak akun anonim ,neg
bravoo densus  polri polisi sebut duga teroris blitar inisial k,pos
berita hari ibu  anak tewas akibat sambar petir polisi usaha kejar petir sebut,neg
polisi lihat sopir truk rambu larang tidak tangkap sopir truk jalan kaki,neg
 polisi bubar tawur dua kelompok ,pos
salah satu kampret tangkap pak polisi ,pos
polisi datang ambulance datang bagai saksi mata cuman crita sana nolak buat ikut,pos
dua warga meranti ringkus polisi,pos
polisi razia miras jelang lebaran cc,pos
wartawan tewas lapas keluarga m yusuf gugat polisi jaksa nasional,pos
cukup sih bahan lapor polisi kalo mau,pos
benar tidak benar lapor polisi sebar informasi benar motif,pos
lepas lebaran kerja menfitnah akun resmi adu polisi,pos
aman mudik polisi ancam tindak jahat ,pos
polisi manusia juang polri harga,pos
semangat bapak  ibu polisi,pos
buat mudik jalan dapet pesan pak polisi moga kalian selamat tuju,pos
tilang pak salah pak pakai helm pakai jaket punya sim stnk bawa tilang,neg
tak jauh lokasi buang mayat polisi keluarga keluarga nguyen ,neg
leceh pak polisi ,neg
nyata polisi tangkap duga libat mafia pangan lebih tetap bagai tersangka,pos
pulang mudik antar mobil polisi gratis via,pos
duga libat sabu oknum polisi anak mantan kades ciduk polsek tandun,pos
polisi laku sistem satu arah tanjung morawa,pos
polisi upaya urai macet depan bengkel,pos
polisi laku sistem satu arah tanjung morawa ,pos
mantap  polisi,pos
polisi ringkus pemuda bawa sabu,pos
polisi duga teroris tangkap lokasi medan,pos
hebat kerja keras pak malam lewat luarbiasa polisi jaga panjang malam,pos
jangan buruk sangka setdknya bpk polisi pangkat bersama menjaga dari begal,pos
hebat kerja keras pak malam lewat luarbiasa polisi jaga panjang malam,pos
polisi kejar mobil curiga kawasan bekas gudang,pos
ratus polisi senjata jejer jaga jalur mudik,pos
jelang lebaran polisi tembak dua curi sapi aksi kota,pos
 lebaran polisi garut siap straregi cegah macet,pos
mudik hati jalan naik motor harap jangan lebih kapasitas jangan bawa minyak ton sebentar tangkap p,pos
gereja kristen beri perhati jaga pospam polisi kota serang,pos
kiprah anggota pramuka bantu polisi aman mudik lebaran,pos
polisi lebaran lebaran gelar operasi ketupat segala mending libur mana sama keluarga emang tidak kangen sa,pos
minta ngopi kantor polisi rame rame kite lapor pak polisi sipenebar fitnah ken nge,pos
 polisi ciduk todong,neg
buat petas malam takbir tiga tangkap polisi,neg
potong ekor kerbau amuk polisi tembak buat lumpuh ekor kerbau amuk rumah,neg
polisi upaya urai macet depan padang bulan,pos
polisi himbau tak pakai kendaran takbir keliling hidari celaka ,pos
polisi densus kerja keras,pos
prestasi kamu macet,neg
insiden tembak timses cabup empat lawang satu bekuk polisi,neg
anggota fpi lpi laku sweeping medan bonyok digebukin warga medan untung polisi tidak anggota fpi lpi,neg
titik macet mudik lebaran tetap hati hati yah mudikidhulfitri,pos
pom bensin wae macet presiden tidak becus,neg
moga om fery tidak mudik jawa macet puluh kilometer akibat ekonomi roket  ,neg
terimakasih allah kemulianmu jawab sombong tonton spanduk tipu siang jalan ma,neg
pintu tol macet kamu semangat mudik,neg
terima kasih pak jokowi pecah rekor jokowi hebat  ,pos
pak tidak usah ribut jalan macast sudah wajar,pos
mantap,pos
cuma hari raya bikin jalan tidak macet,pos
sesak macet yaa jalan efek dulur bertemudiklaten,pos
mudik tidak macet kamu jalan tol bangun jokowi tahun ruas,pos
lapang kerja mulu urus jalan tu urus biar kagak macet kerja tidak kagak turun aje udeh,pos
tetep macet musim mudik simpang empat lampu merah ,neg
kisah lita mudik habis butuh jam mudik tempuh,neg
sempat macet parah polisi,neg
lenggang tidak macet tuh rasa tenang jiwa raga,pos
hari jumat janji pak kampanye realisasi presiden mudah atas macet jakarta alhamduli,pos
"umkm banyak pungli pantas anggur naik, begal naik",neg
titip buat edy rahmayadi jaga kembang umkm sumut umkm rumah tangga salah satu sektor serap tenaga kerja,pos
pungli hadap umkm hambat serdang bedagai umkm ancam tutup akibat pungli oknum aparat edy rahmayadi hadir perintah bina kembang umkm,neg
dua hari turut turut personel tim saber pungli polda sumut kobok obok dua kantor izin padu medan,neg
kena ott pungli aparat adil sumut henti,neg
hadehh tidak ngerti deh sama indonesia jabat main kotor jijik lihat,neg
dipenjarain aja bunuh sekaligus biar tidak pungli,neg
wow provinsi sumut urut empat lapor duga pungli via,neg
polisi ott oknum dishub laku pungli asah sumut,neg
jangan kasih tau pak milih tgl macet ituu tgl,neg
 hindar dulu jalan raya gatotsubroto kota medan situasi lalulintas macet imb,neg
parah bukan macet parkir rest area br mobil parkir rest area mudik,neg
berkat infrastruktur bangun rasa bagaimana mudik tahun sungguh asik mantap,pos
akumulasi min lancar sisa hitung bagai macet biar berita macet kamu suspendaku h,pos
duga laku pungli oknum pns rsud gunungtua sumut tangkap,pos
lima bulan tetap sangka pungli sumut,pos
mudik jebak macet jangan keluh syukur mending jebak cinta syukur aja dulu nikmat heheheh jangan salah pak pol,pos
telepon pak amin tetangga berangkat tadi belum shubuh macet alami beliau tebing tinggi medan,pos
datang ngeluh medan macet kabar datang medan tidak elu medan medan lancar jaya jangan balik medan jaya baik,neg
empat bulan tim saber pungli polda sumut aman ,pos
kerja bagus pak pol tangkap laku aman sumut jaya medan,pos
pungli jembatan timbang tiga jabat dishub sumut hukum bui,neg
korban pungli rsud kisaranan lapor polda sumut saberpungli,neg
wow tidak nyangka dirut rsud kisaran jaring ott akibat laku pungli parah lah,neg
duga laku pungli direktur rsud kisaran sumut jaring ott,neg
tim saber pungli polda sumut ciduk lurah labuhanbatu,pos
tim saber pungli polda sumut tangkap dinas hubung,pos
memang banyak lah kerja dishub yang laku pungli bilang sarang tulang kena tidak pungli jahat,neg
pungli esdm sumut tetap sangka,pos
perintah depan presiden dulu mana aja kok gak parah macet warga medan horas,pos
telepon pak amin tetangga berangkat tadi belum shubuh macet alami beliau tebing tinggi medan,neg
pungli skrg kades salam tani pancur batu serdang sumut kena ott barang bukti rp juta,pos
habis tangkap pungli kadis tambang sumut sangka korupsi,pos
jatuh kena timpa pulak tamak pula,neg
usai acara kpk kadis tambang sumut cokok saber pungli,pos
mantap pak presiden lanjut terus perintah maksimal bangun infrastructure jalan tol bukti mudik tahun lancar,pos
bukti pungli tiga jabat sumut cuma vonis tahun bui ,neg
polda sumut tangkap tangan jabat kantor agraria kab serdang terima pungli,neg
mantap jiwa medan,pos
pusat pasar medan hari yqng operasi dagang dagang ulos mantap ayoooh ramekan belanja ulos buat baju seragam jas keren fashion fashionable marketing marketingautomation marketingplan pasarmurah salesforcetour,pos
benar kata pakde beliau presiden mudah atas macet nya medan siantar hehehe,pos
mudik tidak buang energi tidak nama nya macet lancar,pos
jalur pakam siantar macet,neg
astaghfirullah parah macet kasihan masyarakat parah x,neg
mantap jendral tenggelam medan,pos
memang bahaya jalan medan malam,neg
mantap,pos
anak medan makanya mantap,pos
aduh salah langkah awal lu tom rakyat bukan simpati malah illfil kan maling teriak maling,neg
aher tahun mimpin jabar prestasi aja sungai kotor aja gabisa benahin banjir cuma mewek,neg
akhir bunuh sadis rika mayat kardus aman polisi rika mayat kard berita kriminal,neg
aksi begal kata cagub edy rahmayadi,neg
aksi begal motor satu tewas,neg
allah jawab sombong degil makanya jangan suka maling duit rakyat pak,neg
allahhh lihat tipu album ingat hijeonkook sen album juta ratus dateng jaman wingstour,neg
ambil paksa begal buah motor beat warna hitam bk an milik mahasiswa elektro usu,neg
anggar polri triliun anggar tumpas teroris miliar cukup lebih malah teroris ternak oknu,neg
anggota patroli polisi sektor kasokandel laksana patroli malam cegah c curat curas curanmor,neg
anggota sat sabhara r melakasanakan patroli objek objek vital bank panin jalan soa sio pem siantar situasi aman kendali,neg
anggota sat sabhara r melakasanakan patroli objek objek vital kantor gadai jalan tamrin pem siantar situasi aman kendali,neg
anggota sat sabhara r unit laksana sambang gatur lalin depan pos pam hyperma jalan medan situasi aman kendali,neg
ano ba naman yung crush ko sa lahat ng maling room na sisilipin room ko pa tapos itetext ka ng pinagtagpo talaga anekebe kilig ako,neg
antar barang edar narkoba tangkap polisi langkat polsek pangkal susu,neg
antisipasi ganggu tertib masyarakat begal bajing loncat jahat nya,neg
antre panjang kilometer tobasa parapat tuju pematangsiantar by jasa seo medan by seo medan,neg
antre panjang kilometer tobasa parapat tuju pematangsiantar by jasa seo medan by seo medan,neg
apakabar seh bapak bapak kan kota medan butuh lindung ayom jangan jual sabu kampung kubur,neg
aparat polisi tanjungpura langkat ringkus sangka bandar narkotika tangkap sebut tindak lanjut warga transaksi daerah sebut informasi warga butuh tuk tindak jaring narkoba,neg
arti pdip isu sara sumut maling teriak maling tuh partai,neg
baca berita hampir angg dprd sumut terima suap dr ex gubsu gatot pujo vonis aman,neg
bagaimana cara pulsa lihat mutasi kok maling tiba,neg
bahh aci yah d riak abang maling adik malah bacok via,neg
bakal caleg penampila salmafina banjir kritik balas tohok salma tak kalah nyelekit,neg
bakar terlalu pintar marga panggabean siantar sangka maling kerja baca alkitab,neg
bandit kelas teri maling kelas coro tong sampah siapa guru datang sebut x na,neg
bang narapidana korupsi aka maling mending harakiri aja,neg
banjir suda mentab,neg
barang binjai bandar ganja jalan medan tangkap,neg
bas pnghrgaan dr negeri ln terima bagai gubernur jabar mata melek buta,neg
begal aksi remaja pria tabrak kreta vixion lari rio agustin warga desa baliran camat sidamanik kabupaten simalungun temu kapar pinggir jalan raya depan cafe pub nasional jalan,neg
begal payudara aksi medan modus bekap remas,neg
beli ganja kering bude import dr medan,neg
benar agama kau tuduh agama islam kait erat teroris yahya chol,neg
bibit bibit begal teroris astaghfirullahaladzim,neg
bijak lebaran terap atas macet sumut kalo tidak macet lebaran ringin,neg
bikin macet ngeluh macet,neg
bnn bekerjasama polda sumatera utara polrestabes medan polres langkat aman empat sangka edar narkoba jaring internasional malaysia aceh medan,neg
bnn kota binjai kerja sama kodim langkat laku tangkap hadap edar ganja daerah target bnn kota binjai bersih narkoba barang bukti upa ganja total kg hasil aman sangka stopnarkoba,neg
bnn langkat musnah ratus pil ekstasi narkoba,neg
bnnk langkat sosialisasi bahaya narkoba,neg
densus bolak balik pantau aktivitas duga teroris tebing tinggi,neg
dikibusi warga bandar sabu ringkus satu reserse narkoba polres simalungun hasil tangkap bandar sabu,neg
dua huni lapas narkoba langkat simpan sabu sabu,neg
dua laku kasus narkoba tangkap polisi,neg
duga teroris rencana serang markas polisi bank,neg
duga teroris rencana serang markas polisi bank,neg
duga teroris rencana serang markas polisi bank,neg
duga teroris tebing tinggi duga sasar instansi perintah,neg
duga teroris tebing tinggi rencana serang jumlah bank,neg
duga teroris tebing tinggi rencana serang jumlah bank,neg
duo maling asal simalungun tembak polisi asah,neg
edar ganja nano tangkap rumah polisi temu amplop ganja siap edar,neg
edar sabu sabu aman satu reserse narkoba polres simalungun hasil ungkap edar penyalahgunaan narkoba jenis sabu sabu dua hari polisi aman sedikit lebih,neg
ekspektasiku pindah medan dulu ken hidup nyaman tntram rupa berita medan maling,neg
ganja bakar medan ruang buka ngisep bareng lah,neg
gila kampus medan kena grebek ganja ketemu,neg
halang kesah uu anti terorisme alas lindung hak asasi manusia teroris benar s,neg
hari jumat janji pak kampanye realisasi presiden mudah atas macet,neg
hati hati markir motor tdi indomaret depan rumah colong,neg
hati hati markir motor tdi indomaret depan rumah colong,neg
hukum memang gaadil punya duit lebih ringan hukum padahal sama sama pake narkoba,neg
info genang air tadi sore sih sebut banjir lihat pondok indah fatmawati ragu,neg
isis indonesia begal duluan sama tukang begal,neg
islam yes grup teroris tidak biar,neg
israel tidak goblok tau jilat khianat,neg
ius pane laku ampo pulomas tangkap medan sumut sindo pic twitter com wxh wazipd,neg
iyaa hari dua tuh banjir banjir yaallah panik,neg
jaga karir depan narkoba pemuda martabat tidak kenal narkoba jangan goda pakai narkoba,neg
jahit tidak kuat butuh jahit akuu loh isterinya teroris ledak kemarin jua,neg
kaca mobil pecah maling dokumen harga dinas kpu kabupaten simalungun raib,neg
kakorlantas mudik jangan balik juni macet,neg
kalo tidak salah ingat tahun malam takbir medan guyur ujan deras x centre point mall banjir sampe,neg
kap duga teroris jawa timur salah satu dokter tangkap teroris densus menyinta pucuk pis,neg
kapolda sumut kan beliau kata bikin rusuh bilang sumut aman pangkat naik to kena copot sama tito,neg
kapolres ungkap duga teroris rencana serang kantor polisi bank,neg
karyawan indomaret korban begal begalmotor walikota,neg
kata simalungun bebas maling nyata,neg
kata tidak macet kemarin jebak sampe jam jam,neg
kejam madinah takluk mana litelatur sejarah jangan rosul saladin,neg
kejar kejar polisi bandar narkoba langkat serah narkoba,neg
kemarin mabok sampe lupa kunci rumah untung tidak masuk maling wkwkw,neg
kisah yunita dwi fitri hampir teroris,neg
korban begal payudara trauma,neg
korban begal payudara trauma teamfollowback followme,neg
libur kayak tidak tenang takut motor ku rumah rampok soal tetangga ngasih kabar kata dikomplek maling,neg
macet tobasa ngakak lihat wkwkwkwk,neg
macetmudiklebaran,neg
maling alat dapur hukum satu tahun penjara,neg
maling motor kuping selentik mama mama nang dolok simalungun,neg
manusia usak aqidah sprti doa aja moga cepat rasa getir azab allah,neg
mapolrestabes medan barang sita ganja kering kg bakar sama polisi gam batuk batuk kaya wenak selundup macam heuheuheu,neg
medan pake ganja,neg
memang fakta sangka teroris memang punya faham tidak masy,neg
mention lapor macet parah bagai jalur mudik moga atas tugas selamat mudik sa,neg
milik narkoba tuntut tahun penjara,neg
modus rampok pura pura datang pesta trus ngambilin barang barang,neg
mudik macet parah,neg
musnah narkoba polres langkat bakar ganja hancur butir pil ekstasi gram sabu sabu,neg
narkoba mengkwatirkan bnn simalungun siap turun,neg
new post densus tangkap duga teroris tebing tinggi tembak has been published on,neg
new post densus tangkap duga teroris tebing tinggi tembak has been published on,neg
ngelayanin customer beli karpet plastik m aja eyke banjir keringet tau banget tidak hard work,neg
niat rampok bank duga teroris tebing tinggi ciduk densus,neg
niat rampok bank duga teroris tebing tinggi ciduk densus,neg
ntel kodim langkat bongkar kasus narkoba binjai sumut,neg
oknum kasat narkoba kapolres langkat duga duit sabu jaring malaysia,neg
packing narkoba dua edar bui polsek besitang langkat wkwk lawak kale,neg
pancasila dasar negara indonesia ekstrimis teroris hancur pancasila,neg
pantesan teroris kait islam gileeee benar yahya cholil staquf terroris islam hubung erat,neg
pasar sentral kota medan banjir unjung harga daging sapi tembus rp ribu kg,neg
pasar sentral kota siantar banjir unjung harga daging sapi tembus rp ribu kg,neg
pen taboq kencang banjir bandang,neg
perintah rampok kok naik gila gila langgar bobot kendara berat tilang donk so,neg
perintah rampok kok naik gila gila langgar bobot kendara berat tilang donk soal kualita,neg
personel polisi polres langkat sumatera utara gagal kirim kilogram narkoba jenis ganja kering aceh tuju kota padang sumatera barat,neg
perspektif mana simpul tetap satu yahya staquf tidak punya hati alias mati roso,neg
pks berita macet mudik lebaran seluruh indonesia bukan darat laut ratus kapal,neg
polda sumut geledah rumah pelau teror medan sumatera utara temu jumlah barang bukti upa dokumen sindosore pic twitter com wnsta xjg,neg
polisi langkat ringkus nelayan edar narkoba,neg
polisi tangkap duga teroris tebing tinggi,neg
polisi tangkap lima duga teroris tebing tinggi,neg
polisi tembak mati begal aniaya kemudi taksi online siantar,neg
polisi temu buah ladang tani ganja cukup luas siap panen lokasi medan cukup sulit jangkau akhirmya polisi bawa batang pohon bagai barang bukti,neg
polres langkat medan laku gerebek hadap edar narkoba gerebek sebut polisi hasil temu sabu gram alat hisap,neg
polres langkat ringkus edar narkoba personel satu reserse narkoba polres langkat,neg
polres langkat sita puluh bal ganja tak tuan,neg
polres simalungun aman tujuh laku bandar edar narkoba siantar satu laku perempuan,neg
polres taput tangkap kuli bangun asal langkat bawa sabu,neg
pulang suriah cap teroris bagaimna mahluk pulang israel cap ap cc yahya me,neg
remisi memang hak narapidana depan pikir narapidana korupsi narapidana teroris narapidana narkotika tid,neg
saksi rakyat bicara misteri mati gidion senin rabu nov pkl wib sama putar inews sumut rcti pic twitter com tblamzymc,neg
sat narkoba simalungun ringkus edar sabu gang cebol,neg
sedih balik kampung pagi raya banjir la rumah malam ni tsk tsk,neg
serbelawan maling kereta asal tebingtinggi nyaris massa,neg
sial kemaren medan musnah ganja cara bakar kesana biar nge fly gratis fly jamaah bareng polisi gratis aman,neg
simpan narkoba bawah tilam amir angkut sat narkoba polres langkat,neg
sinkronisasi voice pernah hubung ety semelejte ntuk medan aja lacak distributor narkoba nya ety semelte,neg
sopir bus medan bengkulu positif narkoba larang bawa mudik,neg
sosialisasi anti narkoba kebun bah jambi,neg
target serang duga teroris cokok tebing tinggi,neg
tau ginian lae medan tidak heran darurat narkoba,neg
terkadang suka bingung teroris teriak atas nama tuhan agama agama s,neg
teroris akhir indonesia jangan biar,neg
teroris nusa bangsa,neg
teroris serang jokowi beliau satu satu berani lawan,neg
teroris serang jokowi teroris perintah,neg
tim gabung badan narkotika nasional polda sumatera utara polisi resor kota medan polres langkat tangkap empat laku kirim narkoba malaysia indonesia,neg
tipu instagram by lisalee,neg
tol bangun sumut macet panjang,neg
transaksi narkoba dua warga langkat aman polsek tanjung pura,neg
transaksi narkoba evi tangkap polres langkat wkwkwk,neg
uang manfaat bahagia keluarga bukan narkoba sehat keluarga bahagia,neg
video liat ibu sih kayak tidak ikut mukulin cuman gara anak murid,neg
warga siantar cari sat narkoba polres simalungun,neg
warga simalungun sangka bunuh maling,neg
ahaaa mantap abang poltak raja minyak medan asaltahuaje,pos
akhir kata sedikit tips aman kendara naek motor aman begal pake helm pake sarung tangan pake jaket kulit jaket kulit buat tubuh lebih aman sabet sajam pake lindung dada motor tinggal rumah pergi naek angkot bus umum,pos
alam atas banjir bekal selesai banjir sulsel,pos
alas tak jelas oknum polisi polsek medan timur nyaris pukul wartawan pakai popor senapan,pos
allah jauh masyarakat sumut segala ajab mu situasi politik pilgubsu ribut mu mohon ampun mu mohon lindung segala mara bahaya aami,pos
alur aceh medan aman lintas truk serambi indonesia,pos
aman giat kampanye paslon nomor desa pandiangan jalan aman kondusif,pos
aman lancar,pos
aman risiko hepatitis a hati hati hendak beli makan minum mudik sembarang tempat yakin saji standar bersih,pos
anak kecil kayak tidak rumah kasi liat dinsos medan ngapain aja sih la tangan,pos
anak medan masakan tak andaliman nya rasa tak mantap belumindonesia,pos
anak medan wajib nonton tobadreams film kisah cinta keluarga agama budaya danlain-lain mantap lah pokok,pos
antisipasi jahat c panit i reskrim polsek medan pimpin razia patroli blue light,pos
antre panjang kilometer tobasa parapat tuju pematangsiantar,pos
apresiasi maneh teu ngarasakeun jawa barat aing,pos
asli sampe heboh wow tau,pos
asli sampe heboh wow tau,pos
asmandarita medan mantap acara puncak kilaurayamnctv kilau banget,pos
awas maling aksi putar rs sri pamela batang besi tadi malam sukses emban salam buat pak polisi,pos
awet sama oppa tidak awet sebentar begal,pos
ayat tipu jap tengah siap takda kredit lah tak study otw,pos
ayat tipu jap tengah siap takda kredit lah tak study otw,pos
ayoo tobasa khusunya balige tempat cari cerita,pos
beres listrik medan kota se sumatera tidak mampu kota kota kecil padahal tahun kuasa ngebet priode siapa pilih,pos
berkah ramadhan tiada habis stelah pndakwah intoleran dibatalin telkomsel indosat jamsostek ugm pilot pro,pos
bravoooo hari sat narkoba polres simalungun ungkap sangka penyalagunaan narkoba kronologis tangkap,pos
bubur anyang khas medan isi daging toge pakis jagung kelapa parut pedas mantap buburwar aman,pos
budaya tertib antre tinggal sekolah budayaantre tidaktertib instagram north,pos
bupati langkat tgl juni bukan rem bukan candu narkoba,pos
dialog kapolda sumut sama ketua pw nu sumut ketua pwi sumut radio lite fm jaga rawat sumut aman damai,pos
flm anak cita kusetinggitanah naura amp genkjuara sutradara menit flm aksi tumpas teror,pos
hari ekpedisielshinta lintas sumatera tuju bukit tinggi tarutung sumut tanya putar sarana prasarana pic twitter com vbf ygeaj,pos
hari ni hadir acara buka sama firdauslova medan mantap bukberfirdauslovaharike,pos
jalur mudik aceh sumut lintas barat selatan aman lima alat berat siap,pos
kapolri apresiasi aksi tolak perppu ormas jalan aman tertib aksi,pos
kapolri sebut tol jalur utara bebas macet,pos
keren kalian mudik macet macet ria naek motor mobil kopling manual sampe kampung halaman,pos
kirim cepat aman rute binjai medan langkat call this,pos
kota doa sama sumut jalan aman walaupun kondisi ekonomi tidak aman,pos
langkat pimpin usman parinduri marwan gera massa serbu istana sultan langkat darul aman tjg pura,pos
langkat tetap aman pantau kpk fee proyek tetap jalan,pos
le septembre ma l vre sup rieure a rencontr e un meuble car tais terroris par les images qui paissaien,pos
le septembre ma l vre sup rieure rencontrer un meuble car tais terroris par les images qui paissaien,pos
les enfants isra liens qui vivent dans des localit s qui ont t terroris es par les cerfs volants incendiaires gazaouis,pos
londres un c l bre chef toil du michelin les hindous sont terroris s par l islam depuis plus de ans,pos
mantap buat anak medan ikut lomba selfie cbnfiberbroadband mana tunggu yaaa smartphone gratis,pos
mantap bukti perintah serius bangun bukan perintah belum sibuk k,pos
mantap martua jung tidak sia laku perjalann jauh dr medan mantap nontonninja,pos
medan mantap mantap memang hujan tetap takbir keliling cc in daerah larang takbir buk,pos
minggu depan kejar simalungun limpah berkas kasus narkoba adik kandung walikota pematangsiantar adil,pos
mudik lancarrrrrr perintah amannnnn bangun jaya,pos
musim mudik gin jangan lupa jaga aman rumah rampok lebih hati hati kalo ninggalin rumah,pos
musim ujan dah selesai kga banjir cui,pos
nah dong emosy,pos
naik motor belah sama angkot medan lgsg ngalah biarin tuu angkot jalan duluan cari aman,pos
nama akunting lingkung cost benefit analysis biaya bongkar pulau cuma satu versus biaya dampak sosi,pos
ngeri benar se m pak terdjang belio pidato belio quote pegang aktivis islamophobia buka,pos
pak prestasi beri harga sampeyan bagai dukung jokowi kok kata tidak,pos
pasir pantai warna coklat amp lembut pasir pantai campur endap lumpur,pos
pasir pantai warna coklat lembut pasir pantai campur endap lumpur terba,pos
pax bubur lambuk selesai agih dun taman medan pjs petang tadi terima kasih umno pjs mantap ajk masjid jumhuriyah,pos
pers sat lantas polres tobasa laksana giat aman ibadah sholat id wilkum polres tobasa jumat tanggal juni,pos
personil polsek habinsaran laksana pam sholad ied mesjid nurul huda matio desa parsoburan barat camat habinsaran kab tobasa,pos
piala bangga suporter medan ngangkang begini mantap jepret bung helmansyah putra,pos
pilkada wilayah hukum polrestabes medan aman tetap kondusif,pos
pitikih,pos
polres langkat aman lima laku narkoba salah satu ibu rumah tangga,pos
prof bangun bendung atas banjir waduk tempe,pos
rekam jejak yahya cholil staquf hias headline media eropa,pos
rekam jejak yahya cholil staquf hias headline media eropa yahya cholil staquf terroris,pos
rekam jejak yahya cholil staquf hias headline media eropa yahya cholil staquf terroris da,pos
salut sama densus cegah rencana teroris moga jangan bobol btw kok teroris tidak habis,pos
sat narkoba simalungun tangkap milik ganja jalan ulakma sinaga,pos
siap mudik nyobain tol moga macet,pos
spirit ahy bantu masyarakat korban banjir goahy,pos
spirit ahy bantu masyarakat korban banjir goahy,pos
sumut penting rasa aman nyaman begal henti cara tegas,pos
tetap waspada,pos
tidak berita macet arus mudik tahun jumlah rekor mudik cipta tahun kata tod,pos
urai padat arus lalin kaurbin ops sat lantas polres tobasa ipda ng sembiring pimpin laksana gatur lalin porsea kab tobasa,pos
usai bukber otw lubukpakam singgah emwe istilah merdeka walk medan cek in sinyal xl lancar mantap,pos
wah mantap anak medan oke apresiasi karya sineas medan nonton film film besut,pos
we are delighted to welcome commissioner next friday june at the forum on terrorism amp security,pos
wib situasi lalin ruas jalinsum wilkum polres langkat pantau aman lancar cuaca mendung,pos
wisata kuliner mantap medan tempat via,pos
wow hebat saudara bukan sekadar mantap bahasa sang jajah medan pidato,pos
wow mantap kota medan siap posko lawan bangkit pki salut buat medan jaya terusss,pos
polres langkat ringkus lima milik narkoba,pos
bangat tipu akhir cinta tidak tipu mingyu wonpil,neg
bangga tukang begal kamu eh belum cukup umur dilepasin bukan minta maaf eh malah soksokan pamer lepas bebas haha lucu negriku jelas salah bebas,neg
banjarmasin utara ungkap tipu online sewa tongkang laku bekuk kafe jakarta lewat,neg
bapak waka polres pematangsiantar cek kontrol posyan taman hewan situasi aman baik,pos
baris nasional sentiasa telus laku pilih raya dap sahaja laku,pos
bawa balsem lindung diri begal begal jalan balsem bukti ampuh hilang begal,neg
begadang bareng bang bayu bang lius samuel sama boy pajak balige cumak gara maling babi on,neg
begal demokrasi senayan,neg
begal sadis kawasan industri nyaris tewas hajar massa,neg
begal sadis kawasan industri nyaris tewas hajar massa,neg
begal sarung kakek sarung muncul nenek selimut turut kamu kira kira nenek selimut,neg
belum indonesia nkri tbentuk nusantara diri sultan islam melayu sultan ikhlas lebur diri bhinneka tunggal ika now dadak begal tuduh melayu islam jajah,neg
belum tau gubernur sumut maling dr partai,neg
benar aja tulang nama maling ky si nazar tau siapa ana kawan nya sama m,neg
benar boss atur main ubah tipu konsumen mah,neg
benar dapet hukum penjara maksimal tahun kak,neg
besok mingkem maling teriak maling,neg
besok un gabisa begadang haha tahun tidak enak enip nya pas un wkwkwk ourneyofsmash,neg
bess maling mal bigla ako nakaramdam ng kilig hahahahaha popssssthedream,neg
betul jangan sumut negeripreman sumut bukannegeripreman bung,neg
biar gada maling,pos
bikin tidak aman kan ormas jubah agama trmasuk ormas smpean eh,pos
bocah ingus nipu nyata,neg
bodoh aplagi ngakunya bap nyata tipu publik biar lihat keren allah tu,neg
bohong tipu bohong,neg
bos first travel riak rampok korban tiga bos first travel andika surachman anniesa hasibuan kiki h,neg
bravo dmi akhirny mrasakn sel,pos
breaking news feb pukul depan spbu jalan jamin ginting gang sarman padang,neg
bripka h harahap bripka sahram simamora laksana awal bank sumut padangsidimpuan situasi aman baik,pos
btw gaes salah satu informan sebut sama kasus jypnation bangkok yah sifat,pos
buat teman teman apply job lewat situs lowong kerja hati hati modus tipu kedok panggil,neg
buka pintu hati pikir terima segala untung rugi anti mal,pos
bukannegeripreman harap preman sumut musnah kasi rakyat kecil dagang mati mati palak enak,neg
bukti kendara aman nyaman sama ban tangguh segala medan tantang kondisi jalan klikpositif,pos
bukti transfer lapor aja polisi biar beku terang tipu pr,neg
cara maling teriak maling woyy intoleran padahal intoleran woy sar,neg
cebong malu tuan rumah amp selaku bina ps selenggara helat sepak bola ktk tim binaann,neg
cemburu sama maling rakyat tangkap aja koruptor receh tuh berapa ukur,neg
cipta kamseltibcar lantas aman kondusif sat lantas polres tobasa laksana giat atur arus lalin simp empat laguboti,pos
cuma gua liat sampe muterin layar hp,pos
cuman tanya maling nya jaman kapan pemetintahan tidak sa,neg
curi maling legal sah lantas maling curi rumah cantik,neg
dah bangat doain aj biar sadar ats prbuatanny,pos
dah tidak balige buah kota indah tepi danau toba,pos
daya janji cepat selesai minggu padahal provinsi sumut kemarin ngmgnya e ktp tahan cuma kasi foto copy kakak dilegalisir ngurus kakak pindah aja ribut dulu capil medan sampe minggu tidak kelar,neg
diam pegawai dinsos medan bobol maling matatelinga berita informasi anak bangsa,neg
dinsos kota medan laku razia gepeng psk dinassosial gepeng gelandangan dan pengemis jakarta medan,neg
dinsos medan sulit tangan soal psk belum solusi tepat t,neg
dirgahayu polri smoga makin sukses jaya layan ayom masyarakat,pos
dosen usu gilir satpam tangkap polisi status facebook,pos
dprd medan minta dinsos jelas program tangan anjal gepeng,pos
dua maling nyaris amuk massa tangkap tangan aksi tebing tinggi sumatera utara policeline,neg
dua personil urai macet pimpin kanit reskrim polsek siantar selatan ipda h situmorang laksana atur simpang jalan m h sitorus jalan gereja lihat situasi arus lalulintas aman lancar,pos
duh lu kalo maling tolol jangan banget napa wakakakakakakakaka,neg
dusta tipu bohong,neg
enak medan mesan makan tinggal pesan trus bayar aman nyaman,pos
entah kasi sma mba bilang tipu sampe keburu gk hubung sma tip,neg
evaluasi juper poltabes medan cuek pak kapolri,neg
fakta sidang perdana first travel riak maling pakai uang jemaah pelesir eropa tribun kaltim,neg
fh bicara keras lantang kritik siapa nyata sebut nazarudin libat korup,neg
gaes mudik tahun hati waspada modus begal kalian bawa mobil oknum lempar batu atas jpo depan korban jiwa,neg
gaya brapi lho pa bikin maling duit rakyat jengkel dn gaya y,neg
gblk maling pake dipamerin,neg
geruduk kantor polisi ibu ibu bekas lapor tipu arisan online arisanonline,neg
giat aman gereja hari minggu jemaat ibadah personil polsek siantar selatan laksana aman tepat gereja angkola gkpa jalan laguboti lurah toba camat siantar selatan cipta rasa aman nyaman jemaat ibadah,pos
giat jalur lantas laksana razia jalan merdeka simpang suasio pimpin kabag ops kasat lantas situasi aman kondusif pic twitter com yac s db,pos
giat patroli polsek siantar marihat jalan melanthon siregar depan sma budi mulia antispasi jahat jalan situasi aman,pos
gila ahok nyata maling cina kafir ulang nista agama islam maling duit rakyat kelas paus,neg
gila usaha tipu,neg
gua bantu maling teman,neg
gua sebarin biar lu sekali ciduk polisi gua gerah sama laku lu janji palsu bange,neg
gunung rapi pantau aman pasca letus freatik special report,pos
gurl sa maling thread ka kc nareply nnly,neg
haddh kesi lu maling kancut,neg
hahaha maling tao beks,neg
hahaha okay jer nohal lah dunia ni penuh pancaroba tipu tindas judge seba,pos
hahahahahhahahahahahhahahahahahahahahahahaqaqotoahhahahahhahaha,pos
hai adi waspada hadap tindak tipu mengatasnamakan go jek tidak beri,neg
hai alwyn waspada hadap tindak tipu mengatasnamakan go jek tidak beri kod,neg
hai mas alwyn mohon maaf atas ketidaknyamanannya kena indikasi tipu telepon sila la,neg
hai mohon maaf kait sms spam tipu sila sms format tipu nomor peni,neg
harap teman idam lihat umum undi media cetak social media website turbo,pos
hari jum at tanggal juni bhabinkamtibmas polsek natal brigadir hariono laksana patroli dialogis bank sumut natal antisipasi ganggu kamtibmas jelang hari raya idul fitri situasi aman ramai kondusif,pos
hari jumat bayi neymar serah dinsos kapolsekta medan timur komisaris bl malau serah bayi,pos
hati beli produk tiens tempat salah kasus tipu asli,pos
hati hati maling motor rawamangun warung om gajah jalan tenggiri belakang terminal rawamangun ka,neg
hati hati maling motor sumbar warung om gajah jalan sumbar belakang terminal sumbar ka,neg
hati hati no hp siang tadi laku tipu warung kronologi siang tadi telepon,neg
hati hati pergi daerah jalan sepi sepi kawasan tembung,neg
hati hati upaya tipu proses rekruitmen pihak tidak tanggung jawab website sumber informasi resmi milik bni,neg
hati kawan modus tipu via sms,neg
hati tipu modus nya dapetin duit,neg
heh mending lah sekongkol tegak hukum sekongkol maling macam e,neg
hes biau sebut diri anjing jaga apbd maling maling das dukung benar benar cinta sama negara cinta sama rakyat moga menang sumut,neg
hi first people hati hati hadap segala bentuk tipu mengatasnamakan first media amp laku bayar,pos
hidup tipu kau ingat kau bahagia kau seronok kau sendiri tanggung akibat wallahualam,neg
hirap magkagusto sa maling tao tsk,neg
hooh sen po album wanna one aja nyampe po album belum tipu tipu,neg
ibarat begal jelas jelas aniaya rampas harta korban sang begal jaga sensitivitas asa tidak singgung diri salah bukan bang,neg
ibu kata balek e min jam yo akeh begal soal e,neg
ibu tionghoa paksa emis geger dunia maya cari dinsos medan hilang kabar akhir,neg
ih sedih tidak ganti,neg
ikut kawasan rawan begal medan hati hati bung,neg
inaangkin mo na niyayakap mo pa maam celine alam ko maling katangian pinaguusapan namin bakit parang iba,pos
insekyora ka masyado maling mal ganyan na bang dami mong inaiinggitan sa buhay nakakatawa ka hahha,neg
inti kalo bayar duluan mending tidak usah aja deh,neg
ito y maling akala isang malaking sablay,neg
iya ngadain donasi atas nama fanbase tidak didonasiin kata sih juta tidak benar,pos
iyaaa sama denda kek bukan kasus tipu doang deh kak megang uang donasi,neg
iyalaaah kontraktor tidak kaya negri full kontrol bahan kuat penting untung kontraktor maling,neg
jangan bilang ha bisikin maling beha tetangga,neg
jangan hirau pakwe makwe rampas member sendiri tipu asa patut,neg
jatuh timpa tangga gigit anjing tabrak mobil hajar massa sangka maling mampus deh,neg
jemput ot asal cilacap smrg trimakasih jemput warga medan pic twitter com vz zen fu,pos
jiwa anarkis punya bakat maling,neg
julie stelle amp anggun c sasmi benar tidak gerobak teng dorong keliling kampung nama nya benar tau p,neg
jumlah korban tipu arisan online tambah polres metro bekas buka posko pojokjabar,neg
kabur medan polisi tangkap rampok sepmor emas milik yusniar batas aceh sumut,neg
kadang kesel aja mikirnya maling digebukin jalan dikeroyokin eh dikatain jelek jelek kemarin p,neg
kalem loe benci kasar gin sma maling kalem maksud loe jihad bunuh diri baik mnrut loe isu,neg
kalo betul wajib telusurin tuh jangan sampe masyarakat spekulasi bahwasannya aparat tebang pilih gantipresiden,neg
kalo liat liat kemaren berita tipu olshop soal,neg
kalo maling tidak lawan mending cari aman,neg
kalo syariat qishash tegak bakal mikir x laku klitih begal aksi bunuh,neg
kamu omg emg tidak punya kepala daerah tugas kepala daerah cuma maling anggar ajah kayak gubernur sumut skr gubernur jambi zz,neg
kanit binmas polsek siantar marihat aiptu tamba monitor arus lalin jalan parapat situasi aman kondusif arus lancar,pos
kantor kpu tebing tinggi bobol maling medan,neg
kapoldasu warga jangan khawatir poldasu siap tim anti begal rampok lebaran,pos
kapolri ancam copot kapolres gagal atas begal via,neg
kasus tipu online shop beli cd kpop heboh indonesia hati hati girls cr line today from tr joshua,neg
kasus tipu online shop salah satu jual cd kpop kasus tipu online,neg
kasus tipu panjang sejarah kpop sini goes to hwangable tara sama kasus korupsi,neg
kasus tipu puy,neg
kata benar walaupun pahit tipu manis akhir pahit hempedu bongkar,neg
kata kapolri suruh tembak tempat begal,neg
kawal tunggu jangan sampe kendor kayak gin bangkit emosi umat islam jangan bilang in toleran,neg
kaya bikin blog cemilan enak minimarket deh baik anak bangsa klan siantar top,pos
kejut komplot begal taksi online medan,neg
kemaren liat drama tipu hubung sama olshop rada was kalo order,neg
kemarin liat copet nyata medan makin tidak aman seram,neg
kemarin siang tinggal jam buah kios tebing tinggi bobol maling curi ambil barang dagang uang,neg
ketemu begal jalan ajakin aja dealer trus beliin motor,neg
kl lajutkanlah maling ayam d egk uda plng siantar ouh kirain dimdn,neg
kliatan sih dr raut wajah nya tidak bangga hasil mngalahkan begal,neg
knapa jijik yakin kalian suruh tuk sabar terima maaf kalian tidak komentar sedikit,neg
korban begal jalan raya asuransi,neg
kota medan nilai bagai kota rawan korupsi tidak kondusif buka daya saing lokal kembang usaha,neg
kpk cari kebenarang maling,neg
kpk hati rakyat selamat kerja tuntas maling maling uang rakyat bravo kpk,neg
laku aparat polisi tugas polsek helvetia leceh al qur an dng cara rusak buang selokan got masjid nurul iman rsup adam malik medan istri laku kerja rs tempat perkara,neg
laku curanmor massa dua kawan maling sepeda motor kreta amuk massa jalan belat lurah sidorejo medan tembung kemarin malam nyawa dua selamat berkat sigap polisi kapolsek cut sei tuan kompol,neg
laku kayak ahog kayak raja,pos
laku tipu hasil ringkus tim gabung satreskrim morotai manado,neg
lapor pak nak kawasan mapolsek medan sunggal kok belum aman begal daerah pinang baris,neg
lapor tiga jembatan rawa bambu bulak lurah kalibaru camat medan satria temu anak jalan nongkrong tidak jelas nyambi bagai pak ogah resah warga resiko rawan tawur jaring anak jalan sebut jera,neg
lawan korupsi busuk republik perlu cara kalaupun kepala daerah tangkap ribu anak muda,neg
lazim dunia kriminal grombolan maling salah satu tangkap silat lidah bela diri nud,neg
lebih enak kak pas uda plong smuanya pulang laguboti aman kak haha makanya mangan torus,pos
liat kasus tipu marak hati hati kalo beli tiket konser album jangan giur harga,neg
lintas rel kereta api statomer ibarat begal jalan celaka kendara ht,neg
lokasi daerah indramayu camat sliyeg kampung desa sleman harap hati modus tipu kedok tugas sehat puskesmas pen,neg
lw aja guhe begal,neg
mag dedeny ka nalang sa maling panahon pa alam na namin lahat e,neg
magmamahal nalang sa maling tao pa,neg
mah santai pak polisi kuliah malah kunci ngopi,pos
mahasiswa usu korban begal frinston marulitua situmorang mahasiswa universitas sumatera utara usu m,neg
mahasiswa usu pukul puluh begal setia budi,neg
makanya jangan rangkap jabat dong jabat maling akhir kan tangkap kpk kayak ketua mpr anggap,pos
makasih njek pagi bikin ketawa maling medali kok paner in otak loe cuma belah kayak,neg
makin liat tipu kek kena wannable,neg
makin mudah laku transaksi bayar makin mudah tidak tang,pos
maling aja ngejar kamu tidak,neg
maling akala maling pag ibig,neg
maling bela diri kok dh lengkap bukti nya tahan gk omong setya tunggu,neg
maling dal kok bangga tidak punya prestasi nyipet dal capten,neg
maling desisyon puta,neg
maling digebukin aja nyebut allah cuih malu in,neg
maling goblok,neg
maling hati sih tidak,neg
maling kayak nya bangun gara bising diluarr at ptpn pabatu tebing tinggi pic,neg
maling laptop lari sungai pngejaran tugas lokasi jalan sudirman,neg
maling maling kecil hakim maling maling lindung nop,neg
maling mna fpi sma wiro sableng demo donggggg,neg
maling mutilasi sapi warga gentayang kaki bawa kabur radar bal,neg
maling obok obok kantor min gedog kota blitar jaga sekolah kaget lihat barang,neg
maling pag kakataon,neg
maling pagibig nga ba to sa tamang panahon,neg
maling picture hindi dyan yun e,neg
maling selpe bago pomasok mwhahahahah,neg
maling te reak maling,neg
maling teriak maling,neg
maling teteap maling cepat lambat tau si kumis cari untung sumut sumut pinter tidak bakal nampung barang bekas tidak laku harga diri medan lebih tinggi eropa hahah,neg
mana maling mo ngaku kata fahri hamzah soal ancam naz,neg
mana maling ngaku bukti bahwasanya obsesi kalian quotes kanonik bikin sendiri,neg
mana maling ngaku maling,neg
mana maling teriak maling,neg
mantan kang begal here tidak,neg
masyarakat lurah aek nauli camat str selatan suara dukung hadap pilkada sumut aman damai pic twitter com nuffjtsu f,pos
mbak tau kasus tipu kan lala,neg
medan alfamart siantar bobol maling,neg
medan ribut rezim koplak rakyat sumut nungggu bulan bakal tahun ehhh klan rezim cebong enak aje camat medan polonia nya egk tau rasa colong,neg
medan sumut cari brantam cari ribut kalo istilah kerah tetangga aaauuoooo eh,neg
mental maling nonton bola begini masuk stadion hasil jebol bukan beli tiket,neg
min kakak driver gojek telepon kata bonus jt suruh,pos
min nanya barusan panggil interview pt prima fajar cahaya surya tipu,neg
minggu tim pantau asmara subuh laku razia jalan ring road lurah sunggal camat medan sunggal persis putar eks spbu petronas bas remaja ciduk tidak kena helm tidak bawa lengkap dokumen kenderaan stnk sim pic twitter com idbd pyd r,pos
modus tipu atasnamakan institusi perintah sobatbkn lebih cerdas mem benar informasi main,neg
mohon perhati pihak difahamkan tipu,neg
mohon tindak kawasan mapolsek sunggal keriminal begal persisny kawasan p baris,neg
monitoring giat unbk sesi smk neg laguboti situasi aman kondusif,pos
nah aye sepakat banget dah utara waspada tipu modus barang kirim m,neg
nah nah nyata sendiri maling,neg
nah tipu tiga pernah sebut teman tidak berat banget buat ikhlasin,neg
nama wakil tidak diri lapor polisi kasus tipu tipu janji p,neg
newspertamalampung berani keroyokan lawan cewek begal lampung tengah tusuk korban,neg
ngakak kamu maling p utang balige haha utang utang kata,neg
ngantuk mudik istrahatlah tempat aman,pos
ngeri banget medan ampas motor dekat usu laku ama ramai bawa celurit,neg
ngeri ihh tipu olshop kpop untung ikon kenal sama admin nge handle order sama ud tidak percaya,neg
ngobrol sama temen urus tipu tipu sampe beryuta simpul untung kemizqinan,neg
nusantara nyali maling maling das kota tebing tinggi tidak ciut nyata kapoldasu wakajatisu,neg
nyata kasus tipu girls lebih waspada kasus tipu,neg
nyata maling teriak maling,neg
oke pandang akun ig bola nasional followersnya ras lebih bahaya maling ngejarah bawa cl,neg
oknum tni sama begal rampok mahasiswa usu,neg
ormas pp medan jangan peras kau buat perintah sendiri aja,neg
ormas preman pemuda pancasila malak dagang,neg
pandai pandai tupai lompat akhir jatuh maling teriak maling hidup kpk merdeka,neg
papi kok terima agen tipu kaya gin sih,neg
parah jaman pungli,neg
penegendara panik razia gabung dishub kota medan parkir liar ban kenderaanpun kempesin,neg
pernah calon prajurit terima didik tetap pantau gali latar belakang,pos
pernah korban panggil rupa,pos
personil polsek patumbak aipda b tambun laksana sambang korwas satpam security bapak addin saragih tahun alamat komplek pt nusira medan jalan tahan lurah timbang deli medan hp masyarakat senang polri jam jam rawan,pos
personil polsek siantar selatan giat sambang warung kopi ibu manurung jalan nias pesan kamtibmas sit aman tka,pos
personil polsek siantar selatan laku giat patroli jalan gereja simpang jalan mh sitorus pantau arus lalulintas aman lancar,pos
personil siantar selatan laksana giat patroli simp sarinembah jalan gereja lurah kristen camat str selatan pantau arus lalin antisipasi tindak pidana situasi aman kendali,pos
pertama baca malah gua kira nyata modus tipu,neg
pisang goreng siantar koda enak sekali semangat hadap coblos pilkada siantar besok,pos
pks piyungan tuh emang licik culas awal nya pkspiyungan biar lihat ngebuka blocknya pks piyun,neg
polisi tangkap pria kasus tipu kedok pinjam uang,pos
polisi tembak begal depan kampus usu,neg
polsekta medan minta usu antisipasi begal via,pos
posting ujar benci dosen usu satpam bank sumut tangkap korandnm,neg
pt sandipala lapor polisi dg tuduh tipu gugat adil ancam bunuh danseterusnya lapor,neg
pulang medan moga aman selamat lancar barokah,pos
puluh korban tipu arisan online lapor polisi,neg
putriiii penasaran ngikutin twit mu soal tipu parah banget tuh pinter,neg
rakyat sumut pengin uang aman pilih jarot percaya,pos
rame masalah tipu olshop suka tidak habis pikir sama suka nipu olshop sama kpope,neg
remaja tahun berkas tipu aksesori growtopia,neg
renny korban begal kena sayat senjata tajam,neg
serah tunawisma gagal dinsos medan tak kunjung hadir,neg
siantar laku kece pos pam situasi aman kendali,pos
sih maling memang teriak maling kau lah dalang,neg
sih yakin benci pks hti fpi kelak benci seluruh partai oposisi nya tidak jauh beda dg faizal assegaf syiah songong bukti gua komen pedas fa blokir gua jls tuh bukti pendeta kriminal medan diem aja tendensius bgts,neg
sindikat tipu ganjal atm lintas provinsi bekuk yogyakarta baca jogja,neg
slamat pagi mimin semangaaatt,pos
staf usu viral usai posting status bom gereja surabaya rekayasa ria siregar ciduk via,neg
sukses pilkada damai sumut beda pilih bukan alas ribut,pos
susah hidup tipu,neg
tau tuh sial banget tuh gubernur maling korupsi kampung sama istri anggota dewan bah kl ky gin pimpin kampung hancur embat sumut pimpin profesional transparan debatpilgubsumut djarotsihar,neg
tebing tinggi mie rebus lemang srikaya tapai kue kacang garuda siantar burung goreng ngopi mkn roti enak sedap,pos
telepon nomor tak kenal lima detik pertama duga tipu memang benar tipu rumah sakit,neg
teman khusus anak rantau bilangin orangtua nya ati ati tipu macam kaya gin kan o,neg
temenkuu korban begal jam malem dibatununggal hatihati buat lai mending pulang pagi aja jangan tengah malem bahaya,neg
tengah malam kena banjir sial x,neg
tengok tadi begal simalingkar,neg
terbit surat miskin kaya sekretaris dinsos medan lurah kepling,pos
th mohon info laku sim a c habis juni keluar kota minggu depan lanjut negeri awal mei dua sim panjang april terimakasih,pos
tidak atas rizieq fpi siapa begal pak tito,neg
tidak jamin wtp dr bpk bukti sumut gatot gubernur kurang wtp model nyata hemm maling duit,neg
tidak maling rumah maling hati aja susah,neg
tidak maling tidak usah takut brow,pos
tidak ragu emang whulandari balige indonesia,neg
tim gabung jatanras polda sumut jatanras polrestabes medan unit reskrim polsek medan barat hasil ungkap bunuh wanita temu kardus atas sepeda motor jual martabak keliling kriminal viral,neg
tim pecat laksana atur padat siang pasar horas situasi aman dn lancar,neg
tips biar tidak begal jangan bawa motor rajin silaturahmi sama tukang begal,pos
tipu bahaya ialah tipu diri sendiri hati ianya salah xendah pegang l,neg
tipu dilaporin polisi vernon nya,neg
tipu jilake time rentas desa member weii lari sama eh hooman okay jangan laju sa,neg
tipu mah lapor polis,neg
tipu modus seleksi cpns ibu muda rembang gondol rp juta followme,neg
tipu sampe juta mah banget denger fandom kpop tembus tengah milyar gin bar,neg
togel ambil buntut aja maling bekecot kuda bikin kalimat maling bekecot naik kuda,neg
tolak tawar cegah tipu mengatasnamakan bca mhn informasi bpk beri data,neg
u smentara data terima rumah rusak medan terjal hambat proses pnanganan,neg
ujar benci ramai medsos jelang pilgub sumut polisi cyber crime lapor siap tampung,neg
utang buat bangun negara tom bukan soeharto alm utang buat mbat loe kakak loe d,neg
waduh gara kejar kambing puput kira maling sama ibu hahaa,neg
wah mba pernah kena modus rupa,neg
wakapolres pematangsiantar kompol sitompul sh sama kanit provos aiptu p sihombing control pos pam iv simpangdua situasi aman kondusif,pos
wakduh badang milik indonesia malingsia anjing dasar maling copet,neg
walah kl gua kena olshop ownernya nama k barang gk sampe smp juta duit gua wkwk,pos
wanita asal pematang siantar riak maling salah satu dagang tawar harga bawang sunsetdrive,neg
waspada hadap tindak tipu mengatasnamakan pln lengkap administrasi hindar transaksi uang d,neg
waspada tipu mengatasnamakan go jek cek benar info mengatasnamakan go jek,neg
wkwkw drama tipu sungguh tarik u d baca bagai nikmat air kamu teh baik minggu akwkwkwkwkwkk,neg
wow ah may maling tao pala haha,neg
wujud kamtibmas polsek sungga dinsos medan razia gepeng,pos
yah maling teriak maling dulu,neg
yak kan zaman maling reak maling dalah sejati pki kedok agama kerja fokus,neg
singkap korban leceh seksual kota polonia medan inisial r konyol,neg
aksi leceh seksual remas payudara kali medan sumatera utara aksi cabul rekam kamera intai viral media sosial sangka profesi koki tujuh kali laku aksi,neg
laku leceh seksual siswi sma medan tangkap polisi,neg
begal bunuh sopir grab aji bekuk laku tewas kronologi tangkap,neg
lihat grup fjb medan fb isi nya dominan jenis postingan postingan akun tipu postingan akun codan postingan begal barang jual metode codan,neg
polisi medan beking preman terang an aman begal nya kerjasama jukir yoserizal bubar polisi medan,pos
aneh motor ujung jalan kejar tukang parkir palak parkir begal tas hp start motor medan dihadang tukang parkir palak p,pos
kriminalitas jalan begal sumut khusus kota medan indonesia smg mjd prioritas program kerja pencegahn penindakn efek jera masy tenang mjlnkn aktivitas shr dn produktif,neg
langsung khawatir wktu dblg tmnnya narik gojek jam sgini rawan begal jkt sma medan beda ya jam sgni msih rame khawatir gdk cpek nya heran deh,neg
kafir kalijodo usaha psk bir narkoba kafir jahat racun ahok friends kafir goda jual makan minum siang ramadhan kafir medan tukang begal etc,neg
prioritas berantas narkoba cegah jamin aman kota medan rampok pungli begal harap trs sosialisasi debat malam masy sumut khusus kota medan paham ngerti program kerja djoss,pos
gegara lihat video begal medan sampe tidur setia budi rem ya jam malam cari makan kakak kadang gang sepiiii semenjak tamat kek kali begal deket kontra,neg
begal ponsel jalan pemuda iii medan kirim video laku orang begal ponsel pejal kaki laku tangkap warga sepeda motor bawa nabrak mobil kendara kawan laku,neg
mobil bawa kabur begal nya,neg
anak polisi bacok kapolda nya tegur medan situasi aman kondusif begal tolong tegur kapoldanya,neg
kota medan rawan begal resah bgmn,neg
pesan ojek online taxi online driver langsung kantungin hape langsung jambret,neg
waspada begal bawa senjata tajam hakim medan tanjung sari,neg
mati begal medan langsung mati cocok,neg
plat nomor begal tangkap resah warga medan,pos
medan bersih moga aman begal,pos
begal sadis medan tembak polisi,neg
begal ciduk medan usu,neg
sederhana lingk masy medan khusus sumut fokus pd cegah tjdnya perampokn begal memprihatinkn cegah mnindak masy dn polri sinergitas jaga lingk masy fokus jlnkn giat,neg
tobat begal ancam kapolrestabes medan,neg
personil polrestabes medan tembak mati orang laku begal laku rupa anggota sindikat komplot kerap aksi medan,pos
polisi medan tembak mati begal wn italia harga harga harap polisi semangat jalan tugas,pos
preman begal tukang hipnotis lengkap medan tingkat kriminalitas,neg
begal payudara aksi medan modus bekap remas,neg
karyawan indomaret korban begal begal motor walikota,neg
aksi begal motor satu tewas,neg
kalo liat liat kemaren berita tipu olshop ,neg
sama rawan tipu album tips biar tidak kena,neg
waspada hadap tindak tipu mengatasnamakan pln lengkap administrasi hindar transaksi,neg
pt sandipala lapor polisi dg tuduh tipu gugat adil ancam bunuh dan seterusnya lapor,neg
suami hati hati lho bu modus tipu minta nomer hp lah pin bb lah nomor rekening,neg
waspada hadap tindak tipu mengatasnamakan pln lengkap administrasi hindar transaksi uang d,neg
modus tipu atasnamakan institusi perintah sobatbkn lebih cerdas mem benar informasi main,neg
bukti transfer lapor aja polisi biar beku terang tipu,neg
hati tipu please like and share biar tau barusan hampir korban nelpon bilang,neg
tipu bahaya ialah tipu diri sendiri hati ianya salah xendah pegang l,neg
baris nasional sentiasa telus laku pilih raya dap sahaja laku,neg
tipu sampe juta mah banget denger fandom kpop tembus tengah milyar gin bar,neg
new post ikut seret nama atas kasus tipu jual beli tanah nyata laudya c bella tolak,neg
viral tipu arisan online bawa kabur uang,neg
tipu jilake time rentas desa member weii lari sama eh hooman okay jangan laju sa,neg
buat teman teman apply job lewat situs lowong kerja hati hati modus tipu kedok panggil,neg
papi kok terima agen tipu kaya gin sih,neg
video d uplod dah delete username dah d ganti selanjutnyaa de aktif ganti baju doang kaya kadal kebon me,neg
proses emang mirip panggil interview ngerti sih memang butuh kerja kayak panggil per,neg
dusta tipu bohong,neg
bohong tipu bohong,neg
tolak tawar cegah tipu mengatasnamakan bca mhn informasi bpk beri data,neg
thread tipu beware yah punya thread kronologi reply aja dikumpulin sini bantu retweet,neg
hahaha okay jer nohal lah dunia ni penuh pancaroba tipu tindas judge seba,neg
hati kawan modus tipu via sms,neg
benar dapet hukum penjara maksimal tahun kak,neg
hai adi waspada hadap tindak tipu mengatasnamakan go jek tidak beri,neg
harap teman idam lihat umum undi media cetak social media website turbo,neg
benar dapet hukum penjara maksimal tahun kak,neg
iyaaa sama denda kek bukan kasus tipu doang deh kak megang uang donasi,neg
hati hati upaya tipu proses rekruitmen pihak tidak tanggung jawab website sumber informasi resmi milik bni,neg
laku tipu hasil ringkus tim gabung satreskrim morotai manado,neg
iya ngadain donasi atas nama fanbase tidak didonasiin kata sih juta tidak benar,neg
laku tipu hasil ringkus tim gabung satreskrim morotai manado,neg
nama wakil tidak diri lapor polisi kasus tipu tipu janji ,neg
tipu dilaporin polisi vernon nya,neg
tipu modus seleksi cpns ibu muda rembang gondol rp juta,neg
tipu modus seleksi cpns ibu muda rembang gondol rp juta followme,neg
gua sebarin biar lu sekali ciduk polisi gua gerah sama laku lu janji palsu bange,neg
rame masalah tipu olshop suka tidak habis pikir sama suka nipu olshop sama kpope,neg
jual akun twitter murah ribu followers tidak unsur tipu aman minat hubung david jananto recommended,neg
jumlah korban tipu arisan online tambah polres metro bekas buka posko adu,neg
makin mudah laku transaksi bayar makin mudah tidak tang,neg
thank you for sharing with us dr pernah kena tipu jual kosmetik cantik apabila,neg
kasus tipu online shop salah satu jual cd kpop kasus tipu online,neg
pernah calon prajurit terima didik tetap pantau gali latar belaka,neg
kasus februari kemarin warga twitter heboh kasus tipu online shop laku,neg
kok joshuanya jungkir balik sih salfok kan,neg
puluh korban tipu arisan online lapor polisi,neg
kemaren liat drama tipu hubung sama olshop rada was kalo order,neg
lantai coba cek kolom search twitter standbynuna seventeenuna sih tahun sebenernya,neg
banjarmasin utara ungkap tipu online sewa tongkang laku bekuk kafe jakarta lewat,neg
cuma gua liat sampe muterin layar hp,neg
jumlah korban tipu arisan online tambah polres metro bekas buka posko adu,neg
wah mba pernah kena modus rupa,neg
walah kl gua kena olshop ownernya nama k barang gk sampe smp juta duit gua wkwk,neg
wah jaga jam sama hyung admin mingyu,neg
tipu label sni,neg
pernah calon prajurit terima didik tetap pantau gali latar belakang,neg
cuma gua liat sampe muterin layar hp,neg
walah kl gua kena olshop ownernya nama k barang gk sampe smp juta duit gua wkwk,neg
jumlah korban tipu arisan online tambah polres metro bekas buka posko adu,neg
hi first people hati hati hadap segala bentuk tipu mengatasnamakan first media amp laku bayar ,neg
hai mas alwyn mohon maaf atas ketidaknyamanannya kena indikasi tipu telepon,neg
ngeri ihh tipu olshop kpop untung ikon kenal sama admin nge handle order sama ud tidak percaya,neg
geruduk kantor polisi ibu ibu bekas lapor tipu arisan online arisanonline,neg
hati tipu modus nya dapetin duit,neg
hai alwyn waspada hadap tindak tipu mengatasnamakan go jek tidak beri kod,neg
polisi tangkap pria kasus tipu kedok pinjam uang,neg
jumlah korban tipu arisan online tambah polres metro bekas buka posko pojokjabar,neg
muzdalifah lapor polisi kasus tipu benar nassar jangan lewat updetan sta,neg
hati hati no hp siang tadi laku tipu warung kronologi siang tadi telepon,neg
benar boss atur main ubah tipu konsumen mah,neg
tidak masuk headline news tv judul tipu album barang kpop milyar rupiah,neg
waspada tipu mengatasnamakan go jek cek benar info mengatasnamakan go jek,neg
astagfirullah tipu laporin kak seto,neg
min nanya barusan panggil interview pt prima fajar cahaya surya tipu,neg
baik kpdnkk basmi aset clone or aset tipu tanpa cukai or jual harga ganda de,neg
wah mba pernah kena modus rupa,neg
inti kalo bayar duluan mending tidak usah aja deh,neg
nah tipu tiga pernah sebut teman tidak berat banget buat ikhlasin,neg
sindikat tipu ganjal atm lintas provinsi bekuk yogyakarta baca jogja,neg
mbak tau kasus tipu kan lala,neg
tiba hasanuddin kasus sbl tipu kedok agama lewat hasanah hasanahuntukjabar salam dua jari,neg
min kakak driver gojek telepon kata bonus sepuluh jt suruh ambil padahal tipu,neg
putriiii penasaran ngikutin twit mu soal tipu parah banget tuh pinter,neg
jangan hirau pakwe makwe rampas member sendiri tipu asa patut,neg
hai mohon maaf kait sms spam tipu sila sms format tipu nomor peni,neg
pertama baca malah gua kira nyata modus tipu,neg
hidup tipu kau ingat kau bahagia kau seronok kau sendiri tanggung akibat wallahualam,neg
thread tipu biar tidak kena yaa inget sama hyeunjiin felix,neg
gila usaha tipu,neg
ngobrol sama temen urus tipu tipu sampe beryuta simpul untung kemizqinan,neg
kata benar walaupun pahit tipu manis akhir pahit hempedu bongkar,neg
jujur bulan kaya gin kangen ahok bakal teriak duluan kalo anggar ngaco duluan,neg
tukang begal,neg
renny korban begal kena sayat senjata tajam,neg
begal lakukan demokrasi untuk pembunuhan ,neg
newspertamalampung berani keroyokan lawan cewek begal lampung tengah tusuk korban,neg
sumpah ketemu jalan begal tuh apasih ,neg
cebong malu tuan rumah amp selaku bina ps selenggara helat sepak bola ktk tim binaann,neg
mantan kang begal here tidak,neg
lintas rel kereta api statomer ibarat begal jalan celaka kendara ht,neg
begal sadis kawasan industri nyaris tewas hajar massa,neg
kpk cari kebenarang maling,neg
maling bela diri kok dh lengkap bukti nya tahan gk omong setya tunggu,neg
curi maling legal sah lantas maling curi rumah cantik,neg
bagaimana cara pulsa lihat mutasi kok maling tiba,neg
jaga arema jaga nama baik arek malang lawan maling maling legal bangsat,neg
cara maling teriak maling woyy intoleran padahal intoleran woy sar,neg
mental maling nonton bola begini masuk stadion hasil jebol bukan beli tiket,neg
cara maling teriak maling woyy intoleran padahal intoleran woy sara pa,neg
maling mutilasi sapi warga gentayang kaki bawa kabur radar bal,neg
merrymonday maling akala confident ka pa ha,neg
haddh kesi lu maling kancut,neg
bang narapidana korupsi aka maling mending harakiri aja,neg
suara kentut lebih realistis amp enak rasa ketimbang dengerin pepes kosong psi handoko lie maling miliar hong,neg
maling maling jangan pake kata koruptor dong,neg
fakta sidang perdana first travel riak maling pakai uang jemaah pelesir eropa tribun kaltim,neg
tamang panahon maling pagkakataon,neg
maling hati sih tidak,neg
kadang kesel aja mikirnya maling digebukin jalan dikeroyokin eh dikatain jelek jelek kemarin ,pos
fh bicara keras lantang kritik siapa nyata sebut nazarudin libat korup,neg
maling teriak maling,neg
makasih njek pagi bikin ketawa maling medali kok paner in otak loe cuma belah kayak,neg
iyalaaah kontraktor tidak kaya negri full kontrol bahan kuat penting untung kontraktor maling,neg
wakduh badang milik indonesia maling anjing dasar maling copet,neg
wakduh badang milik indonesia malings anjing dasar maling copet,neg
moga tidak ulang sidang perdana kasus first travel dakwa riak maling,neg
lazim dunia kriminal grombolan maling salah satu tangkap silat lidah bela diri,neg
memang mo bongkar maling maling dulu,neg
lazim dunia kriminal grombolan maling salah satu tangkap silat lidah bela diri nud,neg
maling,neg
maling kelas teri ajar bandit kelas kakap silent but sure,neg
togel ambil buntut aja maling bekecot kuda bikin kalimat maling bekecot naik kuda,neg
percaya sama maling digenjet jempol pake meja koar tidak karuan,neg
jiwa anarkis punya bakat maling,neg
yaelah bos maling ngaku penjara tiap daerah penuh gk cukup hehehe,neg
lawan korupsi busuk republik perlu cara kalaupun kepala daerah tangkap ribu anak muda,neg
pandai pandai tupai lompat akhir jatuh maling teriak maling hidup kpk merdeka,neg
cemburu sama maling rakyat tangkap aja koruptor receh tuh berapa ukur,neg
ye bukan nyebar hoax ebongs bangsat maling teriak maling urusin akun ky gin,neg
maling internet,neg
isang maling apak lamang lalag lag ka,neg
tadi rumah curi uang tetangga maling nya telanjangin wah iya gim,neg
maling rampok uang rakyat bakar bgtu harga kambing berapa sih nya laku bgtu,neg
maling akala isang malaking sablay,neg
sa maling tao nga kaya ko mag effort sayo pa kaya yieee cheesy hahaha,neg
media simpan foto baik buat fotografer videografer tidak terlalu resiko,neg
hei nomor langgan konten kaya gin habis dong pulsa maling unreg satu d,neg
mana maling mo ngaku kata fahri hamzah soal ancam nazaruddin ht,neg
karekter peribadinya elegan bunuh tanpa takut dosa pahala laku semata mata rana mahu aib peri,neg
bunuh driver layan ojek online nyata ajar sama,neg
manusia satu amnesia permanen akibat ulah dinasti cendana imbas nya presiden ikut nya habibie gusdur,neg
tambah video playlist bunuh kasih sendiri news kabar jawa tengah tvku,neg
bunuh kasih sendiri news kabar jawa tengah tvku,neg
lumayan sih jauh smpe ep belum bunuh sadis wajib nonton pokok,neg
game satu bunuh laku jam pagi taman main mangsa ajar umur tahun percaya bunuh,neg
usaha bunuh karakter sia nazar memang jelas koruptor cm upaya sama mender,neg
diskusi buku screening film laut cerita ketidaktahuan ketidakpastian kadang kadang jauh lebih bunuh,neg
bunuh umat islam iraq juta lebih bantai agama,neg
bunuh umat islam iraq juta lebih bantai agama,neg
tentusaja baca lengkap mudeng kalo negara sebutin laku bunuh m,neg
bodoh kata bunuh manusia laku tidak mustahil heiji hattori,neg
kentut tidak bunyi lebih kejam bunuh dpat saling fitnah,neg
persis awal rusuh mana awal dg bunuh ulama jatim culi aktivis jad,neg
tentusaja baca lengkap mudeng kalo negara sebutin laku bunuh muslim,neg
hilang jati diri laku bunuh tak teru pikul takdir tim kogoro mouri bot,neg
negara indonesia kata mayoritas muslim intimadsi hadap umat islam era rezim tinggi sekali,neg
bunuh ustadz,neg
akhir tangkap laku celurit kronologi kriminal beritakriminal bunuh,neg
bunuh ustadz,neg
hilang jati diri laku bunuh tak pikul takdir tim kogoro,neg
indonesia belum dingin isu bunuh ustadz gila isu aniaya santri video viral,neg
polisi buru bunuh casriah bunuh hotel lingkunganhidup,neg
polisi buru bunuh casriah bunuh hotel lingkunganhidup,neg
khobil rupa pertama tempa sejarah hitam dunia ni asal usul bunuh riw,neg
bilang didik karakter bilang bunuh karakter,neg
kasus bunuh wanita hamil sidik polsek langkah aceh utara hasil ungkap identitas pria y,neg
indonesia belum dingin isu bunuh ustadz gila isu aniaya santri edar,neg
peristiwa kejam peperangan syria bukti golong syiah halal bunuh golong sunni,neg
hari tahun bln kasus bunuh akseyna danau kenanga hai doa al fatehah hai jng lupa pol,neg
bunuh salah ibu yukiko kudo vol,neg
begini kronologis balik bunuh sadis camat langir,neg
amien rais bunuh serang ulama dalang,neg
kasus bunuh wanita hamil sidik polsek langkah aceh utara hasil ungkap identitas pria did,neg
bunuh generasi indonesia rencana,neg
bodoh kata bunuh manusia laku tidak mustahil heiji hattori,neg
lidah manusia tajam dunia tajam lidah fitnah bunuh derita,neg
takut bukan alas hijrah dingin penjara rasa bunuh karakter,neg
rekonstruksi bunuh tara gelar tkp,neg
tugas benar dokter bukan autopsi mayat amp temu bunuh korban,neg
lambe turah lebih kejam bunuh,neg
korban bunuh karakter lebih efek buat jangka panjang,neg
tambah video playlist video reka ulang bunuh anak bawah umur salokaraja,neg
viralbengkulu daerah headline uncategorized auzia umi detra rekonstruksi bunuh tara gelar tkp,neg
rekonstruksi bunuh tara gelar tkp,neg
rekonstruksi bunuh tara gelar tkp putar bengkulu bengkulu,neg
antek antek orba pake cara jaman orba dr bunuh jenderal guling soekarno ma,neg
bunuh ama ramai syria beerusan tengah kepung hancur hampir aspek,neg
habib rizieq kibar bendera perang lawan aktor bunuh ulama,neg
rasisme diskriminasi kaum antisematisme islamofobia xenofobia diskriminasi ganas bunuh rana or,neg
antek antek orba pake cara jaman orba dr bunuh jenderal guling soekarno masuk,neg
asa baca lapor investigasi kasus bunuh ngantuk ngantuk gin baca worthed bangat ana,neg
bunuh ama ramai syria beerusan tengah kepung hancur hampir aspek hidup,neg
ingat film manchurian candidate si laku brainwashed laku coba pembu,neg
bentuk dukung jaksa hakim hukum dua laku adil adil,neg
hari sejarah bunuh malcolm x,neg
begini adegan rekonstruksi bunuh auzia,neg
kompascom hari sejarah bunuh malcolm x,neg
hari sejarah bunuh malcolm x,neg
rekonstruksi bunuh tara gelar tkp lintas sumatera,neg
habib rizieq kibar bendera perang lawan aktor bunuh ulama,neg
aneh sang sewa jasa bunuh bayar tidak hukum layak bunuh rencana miris,neg
orangtua korban bunuh model,neg
jaksa tuntut dakwa bunuh tujuh tahun penjara hukumdankriminal,neg
umum cebong iq kolam pergi rizieq shihab sebut lantar upaya bunuh alias pe,neg
kalo pulang diincer lah bang sama nyebutnya emg belum ter,neg
polres tim gelar rekonstruksi bunuh orangutan,neg
hot gagal singkap mistery bunuh detektif tampar wanita singkap rok mini,neg
ketimbang baca berita gila serang ulama mending baca berita baco bunuh madura lebih greget cokorers,neg
bulan sidang kasus bunuh mahasiswa dokter tunda alas bambang,neg
sidang bunuh laku coba bunuh thdp saudara budi iya,neg
pbb bagai partai identik dg masyumi bela tidak lupa sejarah adil partai lolos horma,neg
ep bunuh ahli keluarga memang kejam do nk tgk tak sanggup,neg
noveltakjadi versi dua ialah pasal sorang journalist siasat kes bunuh perempuan makin si,neg
habib rizieq kibar bendera perang lawan aktor bunuh ulama,neg
sidang bunuh laku coba bunuh thdp saudara budi iya yakin,neg
sidang dua kasus bunuh guru budi warna demo koran madura,neg
polisi periksa suami duga laku bunuh anak,neg
bingung bilang pertahanankita bajaktanah rizieqshihab kejam sosmed sosialita viral hottopik,neg
winwin pimpin triad d china kelompok ngelakuin baja kontrak bunuh bbrp curi brskala b,neg
uu hak warga negara minta adil suami tinggal tanpa,neg
bunuh upah main peran mercenary blogger,neg
emang benar allah maha maaf sulit maaf mantan baby sister dua tua,neg
persis awal rusuh mana awal dg bunuh ulama jatim culi aktivis tau don,neg
muslim hijab calon wali kota as ancam bunuh akuseruji kanal amerika,neg
