sentiment,text
neg,cara teknis begal jalan ambil motor ngambilnya jangan sampe tau punya kira pamer
neg,jatuh kabur begal massa aksi lapang golf ciperna
neg,pria korban begal desa sidogiri pasuruan desacikadu
neg,begal rajalela jalan krakatau pukul korban masuk rumah sakit
neg,begal payudara aksi modus bekap remas
neg,karyawan indomaret korban begal begalmotor walikota
neg,aksi begal motor satu tewas
neg,daerah simalingkar begal makin parah seram pulang malam
neg,ikut lokasi rawan begal medan hati hati bung
neg,liat lihat kemaren berita tipu olshop soal
neg,bodoh ngakunya bap nyata tipu publik biar lihat keren allah
neg,yarabb tipu macam anjing
neg,kasus tipu online shop salah satu jual cd kpop kasus tipu on
neg,viral tipu arisan online bawa kabur uang m bln
neg,hati kawan modus tipu via sms
neg,tipu modus seleksi cpns ibu muda tebing rp juta
neg,seram begal seram keluar malam buat beli makan
neg,suami hati hati lho bu modus tipu minta nomer hp lah pin bb lah nomor rekening
neg,hai adi waspada hadap tindak tipu mengatasnamakan go jek beri
neg,warga daerah medan belakang kasus jambret curi motor mohon sidik terima kasih
neg,curi daerah sini was was
neg,korban curi motor paksa makan korban jiwa
neg,pergok curi pria hajar babak bur
neg,curi toko pria hajar mampus
neg,pura pura sholat eko curi uang kotak amal masjid gadak otak kontol
neg,heboh curi mobil radio jamming
neg,bodoh anjeng pacar pria curi hp
neg,seram beeeet curi ngambil barang sepeda motor si babi parkir indomaret
neg,syariat qishash tegak bakal mikir laku aksi bunuh
neg,bunuh area kompleks rumah bukan hp nyata
neg,simbah darah bekas ceki mayat duga korban bunuh medan
neg,lebih baik bunuh antek antek si maringan bahaya minhoo curi tani
neg,muzdalifah lapor polisi kasus tipu benar nassar jangan lewat updetan sta
neg,viral amen jalan siantar
neg,hahhaha curi sepeda motor gagal satu kampung hajar penyok
neg,curi hajar babak bur wkwkwwk kasihan
neg,babi untung rek cctv curi taik mampus lu lu curi
neg,kwkwkwk dasar tipu untung lu tangkap tugas satpam hahhah mampus dahh
neg,polisi menang aksi tipu internet
neg,sadiss beut bunuh anak lu hasil tangkap aparat t co rsfges
neg,gila begal berani benar bawa pistol segala
neg,begal main lempar batu atas jembatan jalan tol gila betul
neg,biadab begal curi basmi bukan manusia
neg,darurat jahat indonesia perintah tegas kapolri basmi jenis kjhatan judi narkoba begal cur curi hipnotis bagai
neg,pak selidik laku curi kendara sepeda motor khusus ibu ibu trimakasih
neg,selamat malam pak keluh kena curi kendara motor daerah sigumpar
neg,bayang daerah simpang usu aman begal rajalela situ
neg,pos satpam tambah soal lingkung usu rawan curi min saran ukabar turut kalian bagaimana aman
neg,hati kalo ban mobil kamu bocor daerah modus anak usu kena begal mansyur
neg,kurang aman min curi amen gila emis turut kalian bagaimana aman kampus usu saran
neg,heboh tadi fp curi kereta tangkap
neg,rindu pukul curi teknik curi speda motor usu akses masuk usu bebas sistem aman
neg,kecut preman basmi
neg,basmi ormas preman pungli mana sumut
neg,preman parkir liar basmi bonnet dishub tindak
neg,wah wah benar asal jangan naik lupa sikap sumut perlu pimpin tegas bersih bersih pungli
neg,djoss yakin atas pungli gubernur sumutmau
neg,curi unimed hajar mahasiswa sampe kok
neg,daerah batas aceh pungli kondisi kan
neg,cek jalan lintas timur batas riau berapa banyaks pungli temu panjang jalan sebut
neg,terima kasih aman kasus curi depan rumah
neg,makin rawan begal resah bagaimana
neg,komplek rumah dulu curi mohon atasinlah
neg,wah takut keluar malam begal sera
neg,syukur tangkap jaring begal kemaren
neg,tangkap cur paok pulaknya curi rumah kosong pergok korban kurung kepung warga
neg,tadi dengar ribut ribut depan rumah takut curi
neg,aman perlu takut bebas curi curi
neg,curi datang malam malam wkwkwk
neg,curi teriak curi tangkap libat nampak vidio kok repot jangan lupa korban tinggal tempat
neg,curi nya tangkap hampir bln adu tanggap serius pihak bri
neg,kawan sial curi mini market hakim warga aksi pergok
neg,hidup kota bnyak berani bohong dusta curi bnyak aaahhh pgn pindaaaaaaaaahhhh
neg,laporin pungli
neg,wah wah benar asal jangan naik lupa sikap perlu pimpin tegas bersih bersih pungli
neg,pungli sekolah swasta misal anak sma wr supratman uang bimbel mata ajar sekolah sore hari guru sekolah padahal bos kok kutip uang siswa
neg,dar info bapak presiden layan padu satu pintu subur praktek pungli urus ud cv pt hari kerja hari
neg,berat sih keluar kota kembang pungli parah preman kerja hari hari seluruh prosesi lumrah masyarakat
neg,daerah siantar pungli gila
neg,kkkkkk banyak gilak korupsi pungli waduh mbelader batas bagan batu medan banyak pungli banyak cara modus
neg,dagang pasar dame lurah pusat pasar medan resah pungli
neg,coba bunuh mulu deh masuk drama
neg,taik pagi pagi tipu udah nelpon transfer atm gojek
neg,wah wah tipu bejibun
neg,ekor kes bunuh pandu grab tempoh hari saran provide lindung tiap driver h
neg,besok rekontruksi bunuh bandar narkoba gelar
neg,polisi kerja cuma tidur begal mana mana malah diurusin
neg,bunuh dominasi rasa cemburu
neg,mati kau curi anjing kena massa mampus
neg,astajim fitnah lebih kejam bunuh
neg,selamat bunuh
neg,bunuh karakter mah
neg,curi kotak infak nyaris tewas gebuk warga
neg,asa main twitter buat baik malah dijahatin sama om om brengsek
neg,habisin jahat waspada dukung bela jahat ataup
neg,begal makin resah
neg,gagal gasak motor kelompok begal celurit liar jalan krakatau
neg,jatuh kabur begal massa aksi lapang golf ciperna radar cirebon
neg,akibat laku begal awat medis rumah sakit sabtu dini
neg,laku curas sebut nama irsan alias barumbung warga jalan gatot subroto ker
neg,kan kemaren pintu buat yoval tutup rapat minta kunci nya sama calon tuna
neg,pria korban begal jalan sisimangaraja pasuruan desacikadu
neg,begal telanjang
neg,golok nancap dada korban duga bunuh berita nusabali bunuh mayat
neg,curi motor kampus usu makin gilak hati hati gengs
neg,berapa kata bukan bunuh tetek bengek khalayak minta adriana tahan nap
neg,rekonstruksi bunuh sadis utan laku tembak gilir
neg,ekor kes bunuh pandu grab tempoh hari saran provide lindung tiap driver
neg,bodoh kata bunuh manusia laku
neg,ungkap kasus bunuh kawasan desa motif kawin ujung cerai proses cara hukum
neg,majikan tki adelina tuntut pasal bunuh dunia blog buruh tki
neg,jalan pasar timur marelan gang kembar arena judi edar narkoba buat resah
neg,rekonstruksi bunuh tara gelar tkp
neg,diankot pungli bukan preman aparat
neg,wanita asal pematang siantar riak curi salah satu dagang tawar harga bawang sunsetdrive
neg,bunuh kasih sendiri news kabar jawa tengah tvku
neg,pbb bagai partai identik masyumi bela lupa sejarah adil partai lolos horma
neg,iya ngadain donasi atas nama fanbase didonasiin kata sih juta benar
neg,mental curi nonton bola begini masuk stadion hasil jebol bukan beli tiket
neg,jangan rusak percaya rakyat tumbuh hadap polri
neg,habib rizieq kibar bendera perang lawan aktor bunuh ulama
neg,lihat kasus tipu marak hati hati beli tiket konser album jangan giur harga
neg,aduh kalo gua kena olshop ownernya nama k barang sampe smp juta duit gua wkwk
neg,mobil bawa kabur begal nya
neg,tragedi darah mula perang hampir warga awam kepung bekal makan ubat
neg,bukti transfer lapor polisi biar beku terang tipu pr
neg,negara indonesia kata mayoritas muslim intimadsi hadap umat islam era rezim tinggi sekali
neg,bukti pungli tiga jabat sumut cuma vonis tahun bui
neg,drama tipu sungguh tarik baca bagai nikmat air kamu teh baik minggu
neg,begal kampret otak
neg,begal makin mabuk kacau
neg,begal jiwa
neg,begal kayak bangsat
neg,gila begal jaman now
neg,taik begal kawan habisin sama begal
neg,jangan keluar malam malam awas begal
neg,jangan keluar malam malam begal
neg,hati hati jangan keluar malam pagi subuh rawan begal
neg,begal masukrumah sakit kritis
neg,janga keluar malam tidka jumpa begal
neg,begal kereta curi wah parah jaman gilak yoo
neg,pak polisi bantu daerah rumah begal korban lumayan banyak
neg,hehehehehehe begal kok cupu
neg,begal berani main rame boss sendiri sendiri malah cupu
neg,kentot begal
neg,begal bunuh
neg,begal malas keluar malam
neg,babi kawan ku korban begal hati hati guys
neg,begal burit kencot berani keluar malam
neg,kemudi ojek online korban begal kacau nya
neg,awas begal sisimangaraja hati hati
neg,jahat jalana marak begal geng motor curi
neg,kwwkkw jual motor hasil begal beli rokok
neg,senjata begal aksi golok senjata api wahh gilak
neg,wanita tewas tembak begal tangerang
neg,gilak tahan motor wanita tewas dihabisin begal
neg,begal lari jangan lawan
neg,hati hati sama begal
neg,tipu nama
neg,tips hindar tipu open trip
neg,mohon hati hati seluruh teman jakmania khusus outsiders jawa timur bal oknum dilingakri bawah ng
neg,tipu balikin kuota buang sia sia huhuhu
neg,maki ria curi dua bos sipoa group warna sidang kasus tipu beli apartemen
neg,nyata salah laku tipu kades keresek vonis tahun penjara
neg,nak minta pantau kes tipu terima kasih
neg,bibir lontar tipu bukan hati
neg,jelas bukan tipu kekurangcermatan cucu banding harga mema
neg,tipu hari kata nak lantik bod khazanah kalang professional amp economist bukan kalang politician mol
neg,sakit buah jujur sama sakit buah tipu
neg,tipu
neg,awal punya firasat jangan tipu open tiket banget dua tahun harga sama ma
neg,rekening tipu rekening nama alim tipu jual beli akun nila jt queentara
neg,tuntut tahun penjara duga tipu wn norwegia aju eksepsi
neg,korban tipu sakit korban celaka
neg,kok malah beli wortel mah modus tipu
neg,operator seluler subur praktek tipu telegram penipuantelegram penipuantransferpulsa transferpulsa
neg,korban tipu mah sakit korban celaka korban asa kamu rasa sakit banget
neg,tawar internet gb gratis hari tipu
neg,waspada modus tipu calo tiket bandara
neg,biar pedih tampar benar cium tipu puji
neg,tipu terang suluh xterang pkai laser
neg,tbtb ngasih kwitansi suruh bayar tau tipu yaampun pergi dulu air netesin air mata pura nang gapunya duit
neg,tipu bes
neg,halo sobat energibaik tetap waspada hadap tipu bentuk kait terima karyawan pt usaha gas neg
neg,sidang tipu bos apartemen sipoa group ricuh
neg,thread tipu lighstick kpop guys soal korban banyak tipu sakarang rekenin
neg,garuda indonesia imbau masyarakat perhati hindar tipu lowong kerja
neg,selamat sore admin kirim email lapor adu kena sms tipu mohon cek terimakasih
neg,sandiaga uno lapor atas duga tipu
neg,nomor telkom speedy laku tindak pidana tipu
neg,ade nilai duga pungli laku pihak sekolah terima siswa wajib tiap c
neg,inspektorat layan publik rawan pungli kemenag
neg,laku pungli jakarta kalo digalakin kayak jaman ahok bakal kapok
neg,pungli sertifikat tanah bandar rejo lapor kejar
neg,pungli kendara jalan preman bangkal akhir kena batu
neg,pungli arti
neg,praktik pungut liar pungli kedok uang daftar ulang sekolah kerap
neg,sial bet sih hadapin gembel pungli dimarahin my eyes makin perih
neg,pungut liar jalan arif rahman arah margonda depok nilai bagai biang keladi macet kolong flyove
neg,turut sopir angkot jalan arif rahman depok macet gara gara pungli
neg,dukcapil kota sorong bebaspungli
neg,cek pemkot jaktim usut kabar pungli program ptsl cakung edar kabar oknum pengu
neg,belum sentuh hukum program ptsl desa ringintelu duga aroma pungli
neg,pungli rp ribu bandara sentani resah tumpang
neg,pingli buat rakyat resah
neg,pungli lurah bukan isap jempol
neg,pungli sekolah negri banyumas
neg,pungli bangun jembatan layang
neg,aparat laku pungli jalan
neg,jokowi keluh pungli indonesia
neg,laku orangy tau diri gakmau jangan paksa macam tukang pungli
neg,ratus adu terima murid pungli zonasi jual beli kursi
neg,taplau banyak tukang palak pungli min ganggu unjung sama rukang parkir ilegal bocah bocah
neg,tau pungli deh
neg,naik bus kena pungli wtf
