,text
1,secara teknis begal itu dijalanan ambil motornya kalau aku ngambilnya jangan sampe ketauan yang punya nanti dikira pamer
2,terjatuh saat kabur begal dimassa beraksi di lapang golf ciperna
3,pria ini jadi korban begal di desa sidogiri pasuruan desacikadu
4,begal merajalela di jalan krakatau sampai memukul korban hingga masuk rumah sakit
5,begal payudara beraksi modusnya bekap remas
6,karyawan indomaret korban begal begalmotor walikota
8,aksi begal motor satu orang tewas
9,di daerah simalingkar begal semakin parah ya jadi seram kalau pulang malam
10,berikut adalah lokasi rawan begal di medan hati hati bung
11,kalau diliat lihat dari kemaren berita penipuan olshop ya apalagi yang soal saya
12,pembodohan apalagi ini ngakunya sudah di bap ternyata penipuan publik lagi biar terlihat keren ya allah ke
13,yarabb penipuan macam apa ini anjing
14,ada kasus penipuan yang terjadi di online shop salah satunya penjualan cd kpop ini dia kasus penipuan on
15,lagi viral penipuan arisan online bawa kabur uang m dalam waktu bln
16,hati kawan modus penipuan lama via sms
17,penipuan modus seleksi cpns ibu muda di tebing rp juta
18,seram ya begal sekarang jadi seram keluar malam buat beli makan
19,suami hati hati lho bu sekarang modus penipuan minta nomer hp lah pin bb lah nomor rekening
20,hai adi waspada terhadap tindak penipuan yang mengatasnamakan go jek pastikan anda tidak memberikan
21,saya warga daerah medan belakangan ini ada beberapa kasus jambret dan pencurian motor mohon disidik terima kasih
22,mantap polres ringkus jagoan pencurian motor
24,pencurian di daerah sini saya jadi was was
25,korban pencurian motor dengan paksa yang memakan korban jiwa
26,kepergok mencuri pria ini di hajar sampai babak belur
27,mencuri di toko pria ini dihajar sampai mampus
28,pura pura sholat eko mencuri uang dari kotak amal di masjid gadak otak kontol
29,heboh pencurian mobil menggunakan radio jamming
30,bodoh anjeng demi pacar pria ini curi hp
31,seram beeeet ada pencuri ngambil barang di sepeda motor waktu si babi lagi parkir indomaret
32,kalau syariat qishash ditegakkan orang bakal mikir kali mau melakukan aksi pembunuhan lainnya
33,pembunuhan di area kompleks rumah bukan karena hp saja ternyata ini penyebabnya
34,bersimbah darah dan terdapat bekas cekikan mayat diduga korban pembunuhan baru medan
35,lebih baik dibunuh langsung ini antek antek si maringan sangat berbahaya minhoo ini pencuri di pertanian
36,polisi tangkap pria di kasus penipuan berkedok peminjaman uang
37,muzdalifah dilaporkan ke polisi karena kasus penipuan apakah benar nassar penyebabnya jangan lewatkan updetan sta
38,anggota patroli kepolisian sektor kasokandel laksanakan patroli malam cegah c curat curas dan curanmor serta
39,polisi tembak begal di depan kampus usu
40,ditangkap polisi akibat melakukan pembunuhan wah tragis
41,sempat lari polisi menangkap pencuri sepmor dan emas milik yusniar di perbatasan aceh sumut
42,pelaku curanmor dimassa dua kawanan pencuri sepeda motor kreta diamuk massa di jalan belat kelurahan sidorejo medan tembung kemarin malam nyawa keduanya selamat berkat kesigapan polisi kapolsek percut sei tuan kompol
43,viral pengamen jalanan siantar
44,saya bangga dengan kinerja polisi sumut salut
45,mantap pak polisi kupas tuntas semua begal ini
46,hahhaha pencurian sepeda motor digagalkan satu kampung dihajar sampai penyok
47,salut pak polisi membantu orang tua yang mau nyebrang di jalan rame
48,pencuri di hajar sampai babak belur wkwkwwk kasihan
49,babi untung saja terekan cctv pencuri itu taik mampus lu dapat lu pasti pencuri
50,kwkwkwk dasar penipu untung lu ditangkap petugas satpam hahhah mampus dahh
51,polisi menangkan aksi penipuan di internet
52,sadiss beut pembunuhan anak untuk lu berhasil ditangkap aparat t co kali rsfges
53,saya menerima pesan singkat ada modus penipuan dan saya melapor ke polisi dengan cepat polisi merespon laporan itu
54,gila begal berani benar sekarang bawa pistol segala
55,begal sekarang main lempar batu dari atas jembatan ke jalan tol gila betul
56,kebiadaban begal dan pencuri harus di basmi mereka bukan manusia lagi
57,darurat kejahatan untuk indonesia harus ada perintah tegas dari kapolri tidak hanya basmi semua jenis kjhatan judi narkoba begal cur pencuri hipnotis dan sebagainya
58,kejadian pencurian motor kalau boleh usul pak polisi tiap orang memegang senjata masing basmi pencuri
59,pak polri tolong ini ditindak pencuri pencurian sudah berani beraksi di sirkuit balap cc
60,poldasu bnn telah berhasil menangkap pencurian di kota rantau prapat labuhan batu sumatera utara
61,pak tolong diselidiki para pelaku pencurian pada pengendara sepeda motor khususnya ibu ibu trimakasih
62,selamat malam pak saya ingin mengeluhkan mengenai pencurian kepada pengendara motor di daerah sigumpar
63,bayangkan saja daerah simpang usu yang selama ini aman sekarang begal merajalela disitu
64,pos satpam kalau bisa ditambah soalnya di lingkungan usu sekarang rawan pencurian min saran ukabar menurut kalian bagaimana dengan keamanan
65,hati kalo ban mobil kamu sering bocor di daerah itu itu modus anak usu kena begal di dari mansyur
66,kurang aman min ada pencuri pengamen orang gila pengemis menurut kalian bagaimana dengan keamanan di kampus usu saran
67,yang paling heboh tadi di fp ada pencuri kereta yang tertangkap
68,rindu kali memukul pencuri di teknik di pencurian speda motor di usu akses masuk usu yang bebas dan sistem keamanan yang
69,dua pencuri pelaku jambret di tangkap di hajar warga sampai babak belur nangis
70,polres asahan tangkap pencuri motor di lokasi
71,mencuri besi di hermes kelima pelaku di tangkap polisi
72,alhamdulillah orang yang mencuri motor mio ku sudah di tangkap
73,pengecut mereka sudah seperti preman basmi
74,basmi ormas preman pungli dimana di sumut
75,preman parkir liar akan kami basmi dari sekitaran bonnet kalau dishub tidak bertindak
76,wah wah ini baru benar asal jangan ketika naik lupa bersikap seperti ini di sumut perlu pemimpin tegas dan bersih supaya bersih pungli
77,djoss yakin bisa mengatasi pungli kalau jadi gubernur sumutmau
78,pungli di  jalan lintas sumatera wilayah kecamatan tanjung pura kabupaten langkat saat melakukan pungli kepada sopir truk lintas aceh
79,pencurian di unimed dihajar mahasiswa sampe pekok
80,daerah perbatasan aceh masih ada pungli tolong di kondisi kan
81,cek jalan lintas timur dari perbatasan riau berapa banyaks pungli yang di temui sepanjang jalan tersebut
82,pungli di lintas sumatra bukan semua dari preman tapi juga dari aparat lalu lintas silahkan saja cek di jalur lintas timur sepanjang jalan isinya pungli
83,pungli di lintas timur sumatera akan tetap subur pak karena sebagian besar pelakunya adalah aparat
84,terima kasih sudah mengamankan kasus pencurian didepan rumahku
85,terima kasih medan sudah aman terkendali begal
86,bagus kerjanya saya salut disaat semua orang libur ada yang menjaga keamanan jadi tidak takut ada pencuri
87,terimakasih polsek medan baru atas pengamanan dari pencurian motor
89,mantap pencuri motor sudah diadili
90,semakin rawan begal sangat meresahkan bagaimana ini
91,itu dong pak polisi harusnya menjaga keamanan saya bangga
92,di komplek rumahku dulu sering kali pencuri mohon atasinlah
93,wah takut keluar malam begal berserakan
94,syukurlah sudah ditangkapi jaringan begal kemaren
95,tertangkap pencurinya   paok kali pulaknya pencuri di rumah kosong terpergok korbannya kemudian dikurung dan dikepung warga
96,tadi aku dengar ribut ribut depan rumahku takut kali aku nanti pencuri pula
97,sekarang sudah aman tidak perlu takut lagi bebas pencurian pencuri
98,kenapa pencuri datangnya malam malam wkwkwk
99,good job pak lanjutkan sikat habis itu pencuri
100,pencuri teriak pencuri tangkap semua yang terlibat dan nampak di vidio itu saja kok repot jangan lupakan korban meninggal di tempat
101,pencuri nya sudah di tangkap tapi sudah hampir bln pengaduan saya tidak di tanggapi serius pihak bri tolong
102,pencuri kotak infaq masjid istiqiomah tertangkap
103,kawanan sepesialis pencuri mini market dihakimi warga setelah aksinya kepergok
104,kenapa hidup di kota bnyak orang yang berani berbohong dusta pencuri dan masih bnyak lagi aaahhh pgn pindaaaaaaaaahhhh
105,laporin itu pungli
106,basmi ormas preman pungli di sumut
107,wah wah ini baru benar asal jangan ketika naik lupa bersikap seperti ini perlu pemimpin tegas dan bersih supaya bersih pungli
108,pak kapolri ada posko ormas di simpang jalan kapten jumhana melakukan pungli ke rumah warga tionghoa polrestamedan polsekmedankota harus turun
109,pungli di sekolah swasta misalnya anak saya di sma wr supratman ada uang bimbel mata pelajaran di sekolah pada sore hari gurunya dari sekolah itu juga padahal ada bos kok masih dikutip uang dari siswa
110,sekedar info bapak presiden di pelayanan terpadu satu pintu subur praktek pungli urus ud cv dan pt hari kerja hari
111,berat sih mau keluar kota berkembang kalau pungli separah ini menjadi preman adalah pekerjaan sehari hari dan seluruh prosesi ini dilumrahkan oleh masyarakat
112,daerah siantar ada pungli yang menggila
113,pungli di lintas sumatra utara bukan semua dari preman tapi juga dari aparat lalu lintas silahkan saja cek di jalur lintas timur medan sepanjang jalan isinya pungli
114,kkkkkk sekarang juga banyak sangat gilak yang korupsi apalagi pungli waduh mbelader itu mulai perbatasan bagan batu sampai medan banyak pungli banyak cara dan modusnya
115,di depan kantor polsek medankota masih ada pungli jukir liar walaupun kapolres sudah mengganti kapolsek
116,orang petugas parkir yang diduga lakukan pungutan liar pungli di lokasi parkir pasar
117,pedagang pasar dame kelurahan pusat pasar medan resah karena pungli
118,terlibat pembunuhan seorang politisi semua personel polisi kota ini ditangkap dan ditahan
119,percobaan pembunuhan mulu deh masuk drama tidak ya
120,taik pagi pagi penipu udah nelpon transfer atm gojek
121,wah wah penipu sekarang bejibun ya
122,ekoran kes pembunuhan pemandu grab tempoh hari saya sarankan provide perlindungan ini kepada setiap driver h
124,besok rekontruksi pembunuhan bandar narkoba digelar
125,good polisi tangkap itu penipu
126,polisi kerjaannya cuma tidur begal dimana mana malah tidak diurusin
128,pembunuhan sekarang di dominasi rasa cemburu
129,polres metro jakbar menggelar konperensi pers terkait meninggalnya orang akibat miras oplosan dice
130,mati kau pencuri anjing kena massa mampus
131,astajim fitnah lebih kejam daripada pembunuhan
132,selamat dari pembunuhan
133,pembunuhan karakter ini mah
135,tim pegasus polsek medan baru meringkus pencuri kotak infaq
136,pencuri kotak infak nyaris tewas digebuki warga
137,perasaan saya mau mulai main twitter lagi buat baik  sudah malah dijahatin sama om om brengsek ini
138,habisin para penjahat dan waspadai orang yang mendukung serta membela penjahat karena sangat mungkin ia bagian ataup
139,begal semakin meresahkan kenapa
140,gagal gasak motor kelompok begal bercelurit berkeliaran di jalan krakatau
141,terjatuh saat kabur begal dimassa beraksi di lapang golf ciperna radar cirebon
142,akibatnya pelaku begal ini mendapatkan perawatan medis di rumah sakit sabtu dini
143,pelaku curas tersebut diketahui bernama irsan alias barumbung warga jalan gatot subroto ia ker
144,itu kan kemaren pintu buat yoval sudah tertutup rapat minta kunci nya sama calon tuna
145,pria ini jadi korban begal di jalan sisimangaraja pasuruan desacikadu
146,begal di telanjangi
147,polres metro bekasi tangkap begal yang sering bacok warga
148,polres metro bekasi tangkap begal yang sering bacok warga lantai komentar
151,golok nancap di dada korban diduga dibunuh berita nusabali pembunuhan mayat
152,pencurian motor di kampus usu semakin gilak hati hati gengs
153,harus berapa kali saya mengatakan bukan pembunuhan dan tetek bengeknya yang khalayak minta adriana menahan nap
154,rekonstruksi pembunuhan sadis orang utan pelaku menembak bergiliran
155,ekoran kes pembunuhan pemandu grab tempoh hari saya sarankan provide perlindungan ini kepada setiap driver
156,bodoh dikatakan pembunuhan karena manusia yang melakukannya
157,mengungkapkan kasus pembunuhan dikawasan desa motif perkawinan yang berujung cerai untuk diproses secara hukum
158,majikan tki adelina dituntut pasal pembunuhan dunia blog buruh tki
160,serah tunawisma gagal dinsos medan tidak kunjung hadir
161,jalan pasar timur marelan gang kembar arena judi edar narkoba buat resah
162,rekonstruksi bunuh tara gelar tkp
163,diankot sering terjadi pungli bukan hanya dari preman aparat juga
164,wanita asal pematang siantar riak pencuri salah satu dagang tawar harga bawang sunsetdrive
165,polda sumut geledah rumah pelau teror medan sumatera utara temu jumlah barang bukti upah dokumen sindosore pic twitter com wnsta xjg
166,bunuh kasih sendiri news kabar jawa tengah tvku
167,pbb bagai partai identik dengan masyumi bela lupa sejarah adil partai lolos horma
168,iya ngadain donasi atas nama fanbase didonasiin kata sih juta tidak benar
169,mental pencuri nonton bola begini masuk stadion hasil jebol bukan beli tiket
170,jangan rusak percaya rakyat tumbuh terhadap polri
171,habib rizieq kibar bendera perang lawan aktor bunuh ulama
172,lihat kasus tipu marak hati hati kalau beli tiket konser album jangan giur harga
173,aduh kalo gua kena olshop ownernya nama k barang tidak sampe smp juta duit gua wkwk
174,mobil bawa kabur begal nya
175,tragedi darah mula perang hampir warga awam kepung bekal makan ubat
176,bukti transfer lapor saja polisi biar beku terang tipu pr
177,negara indonesia kata mayoritas muslim intimadsi hadap umat islam era rezim tinggi sekali
178,buat petas malam takbir tiga tangkap polisi
179,bukti pungli tiga jabat sumut cuma vonis tahun bui
180,  drama tipu sungguh tarik untuk di baca bagai nikmat air kamu teh baik minggu  
181,beton jalan rusak blok pondok surya lurah helvetia timur camat medan helvetia jalan aksara
182,kubur semen sopir angkot mutilasi jasad sopyan lubis
183,polres langkat sita puluh bal ganja tidak tuan
184,terjadi pembunuhan polisi sigap untuk bertindak
185,begal kampret tidak berotak
186,mantap polisi menindak lanjutin begal di jalan krakatu
187,begal semakin mabuk terjadi hal hal yang kacau
188,aku akan membegal jiwamu
189,begal kayak bangsat ya
190,polisi mengamankan korban begal
191,gila ya begal jaman now
192,taik begal kawanku di habisin sama begal
193,polisi amankan begal didaerah sisimangaraja dunk
194,pak polisi bagaikan pahlawan yang menghabisi begal pembunuhan
195,jangan keluar malam malam awas begal
196,jangan keluar malam malam begal yang menanti
197,polisi berhasil ringkus pelaku begal
198,polisi mantap dalam menangani begal begal i love untuk polisi
199,hati hati jangan keluar malam pagi subuh rawan begal
200,begal masukrumah sakit kritis
201,janga keluar malam kalau tidka mau berjumpa dengan begal
202,dibegal lalu kereta dicuri wah parah jaman sekarang gilak yoo
203,polisi berhasil menangkap komplotan begal
204,pak polisi bantulah didaerah rumah saya begal korbannya juga lumayan banyak
205,hehehehehehe begal kok cupu
206,begal diringkus polisi mantap pak polisi
207,begal itu beraninya main rame boss sendiri sendiri malah cupu
208,kentot begal
209,atasi begal polisi mendapat pujian dari masyarakat
210,begal membunuhmu
211,dengan adanya begal sekarang orang orang malas keluar malam
212,babi kawan ku jadi korban begal hati hati guys
213,begal burit kencot beraninya keluar malam
214,begal sadis ditembak mati polisi di medan wkwkkw mampus anjing
215,dua pelaku begal di tembak mati polisi
216,pengemudi ojek online pun jadi korban begal kacau nya
217,polisi bekuk geng yang merupakan geng begal
218,mantap polisi buru begal dimalam hari
219,awas begal di sisimangaraja hati hati
220,wah senjata api diproduksi oleh komplotan begal mantap yauu
221,kejahatan jalana mulai marak dari begal geng motor pencurian
222,polisi cek sidik jari di motor begal
223,keren polisi membak begal kwkwk mampus
224,polisi menembak mati begal yang menembak cewek di tangerang
225,polisi menembak begal di kota bandung hahaha kacau mampus
226,kwwkkw jual motor hasil begal untuk beli rokok
227,komplotan begal bersenjata tajam ditangkap polisi
228,senjata begal untuk beraksi golok senjata api wahh gilak
229,polisi tembak mati seorang pelaku begal dan curanmor
230,wanita tewas ditembak begal di tangerang
231,gilak karena pertahankan motor wanita ini tewas dihabisin begal
232,kalau ada begal langsung lari saja jangan dilawan
233,hati hati sama begal
235,penipuan ini namanya
236,tips menghindari penipuan open trip
237,mohon berhati hati untuk seluruh teman jakmania khusus outsiders jawa timur dan bali kepada oknum yang dilingakri dibawah ng
238,penipuan balikin kuotaku yang terbuang sia sia huhuhu
239,makian dan teriakan pencuri ke dua bos sipoa group warnai sidang kasus penipuan pembelian apartemen
240,dinyatakan bersalah lakukan penipuan kades keresek divonis tahun penjara
241,nak minta pantau kes penipuan seperti ini terima kasih
242,bibir bisa melontar penipuan tetapi bukan hati
243,lalu kami jelaskan bahwa itu bukan penipuan melainkan kekurangcermatan cucu kami dalam membandingkan harga mema
244,penipuan hari ke kata nak lantik bod khazanah dikalangan professional amp economist bukan dari kalangan politician mol
245,sakit sebuah kejujuran tidak akan sama seperti sakit sebuah penipuan
246,penipuan
247,awalnya punya firasat jangan penipuan ini masa open tiket bisa lama banget sampai dua tahun dengan harga yang sama tapi ma
248,rekening penipu rekening nama alimi penipuan jual beli akun senilai jt queentara
249,dituntut tahun penjara dugaan penipuan wn norwegia ajukan eksepsi
250,korban penipuan tidak sakit korban kecelakaan juga biasa
251,kok yang bisa malah beli wortel tidak mau ini mah modus penipuan
252,operator seluler menyuburkan praktek penipuan telegram penipuantelegram penipuantransferpulsa transferpulsa
253,korban penipuan mah tidak sakit korban kecelakaan juga biasa tapi kalau jadi korban perasaan kamu itu rasanya sakit banget
254,penawaran internet gb gratis selama hari penipuan
255,waspadai modus penipuan calo tiket di bandara
256,biar pedih ditampar kebenaran daripada dicium penipuan dan pujian
257,penipuan yang terang lagi bersuluh xterang lagi aku pkai laser
259,tbtb ada yang ngasih kwitansi disuruh bayar saya tau itu penipuan yaampun sampai pergi dulu ke air saya netesin air ke mata pura nangis gapunya duit
260,penipuan ya bes
261,halo sobat energibaik tetap waspada terhadap penipuan dalam bentuk apapun terkait penerimaan karyawan baru pt perusahaan gas neg
262,sidang penipuan bos apartemen sipoa group ricuh
264,thread penipuan lighstick kpop guys soalnya korbannya sudah banyak dan dia masih terus tipu sampai sakarang dengan rekenin
266,garuda indonesia imbau masyarakat perhatikan hal ini untuk menghindari penipuan lowongan kerja
267,selamat sore admin saya baru saja mengirimkan email untuk melaporkan pengaduan mengenai sms penipuan mohon dicek terimakasih
268,wakil gubernur dki jakarta sandiaga uno kembali dilaporkan ke pmj terkait dugaan penipuan atau penggelapan penadahan di
269,sandiaga uno kembali dilaporkan atas dugaan penipuan
270,nomor telkom speedy ini sudah melakukan tindak pidana penipuan
271,ade menilai dugaan pungli yang dilakukan oleh pihak sekolah adalah ketika penerimaan siswa baru diwajibkan setiap c
272,inspektorat pelayanan publik rawan pungli diantaranya di kemenag
273,mafia tanah dan pelaku pungli silahkan kelojotan berjamaah
274,iwo siap bantu satgas saberpungli
275,pelaku pungli di jakarta kalo tidak digalakin kayak jaman ahok tidak bakalan kapok
276,kanit binmas polsek adiwerna laksanakan sosialisasi saberpungli
277,pungli sertifikat tanah bandar rejo dilaporkan ke kejari
278,sambangi perkemahan brigpol leander sosialisasikan saberpungli
279,sering pungli pengendara jalan preman di bangkalan ini akhirnya kena batunya
280,antisipasi pungli bhabinkamtibmas sosialisasi saberpungli di desa tawan jaya
281,praktik pungli masih kerap terjadi di jalan provinsi kalimantan timur
282,pungli ya ini berarti
283,praktik pungutan liar pungli berkedok uang daftar ulang di sekolah masih kerap terjadi
284,sial bet sih harus hadapin gembel pungli ini dimarahin my eyes semakin perih
285,pungutan liar di jalan arif rahman ke arah margonda depok dinilai sebagai biang keladi kemacetan di kolong flyove
286,menurut sopir angkot jalan arif rahman depok macet gara gara pungli
287,dukcapil kota sorong bebaspungli
288,cek begitu pemkot jaktim usut kabar pungli program ptsl di cakung beredar kabar oknum pengu
289,pelaku pungli di pelabuhan teluk bayur ditangkap polisi
290,setelah operasi tangkap tangan ott dugaan pungutan liar pungli di stain bengkalis ternyata beberapa hari setela
291,belum tersentuh hukum program ptsl desa ringintelu di duga beraroma pungli
292,pungli rp ribu di bandara sentani resahkan penumpang
293,pingli membuat rakyat resah
294,terjadi pungli di pelabuhan
295,pungli di kelurahan bukan isapan jempol
296,pungli sering juga terjadi di sekolah negri banyumas
297,pungli di pembangunan jembatan layang
298,aparat sering melakukan pungli di jalanan
299,viiral sering pungli dilakukan oleh aparat dengan melakukan asal razia
300,modus pelaku pungli di jalur mudik
301,jokowi keluhkan pungli yang terjadi di indonesia
302,ini lagi tidak laku orangy tau diri gakmau jangan memaksa macam tukang pungli saja
303,antaranews nasional kejari tangani dua kasus ott pungli
304,ratusan aduan penerimaan murid baru dari pungli zonasi sampai jual beli kursi
305,pelaku pungli di pelabuhan teluk bayur
306,di taplau juga banyak tukang palak pungli min ganggu pengunjung sama rukang parkir ilegal bocah bocah yang tidak
307,ketauan pungli deh
308,naik bus juga harus kena pungli wtf
